STT,Original problem,Logic,Redundant_assumption_Problem,Redundant_assumption,,,Answer,Answer,Answer,ChatGPT Answer,Answer,Answer,QA_Answer,,ChatGPT Answer,python_program,python_result,Answer,Answer,Answer,Answer,Answer,Answer,,,,
1,"assumption: Let $n$ be a positive integer.
problem: Prove that $3^{n+2} - 2^{n+2} + 3^n - 2^n$ is divisible by $10$.",,"assumption: 
$n$ is an integer,
$n$ is positive
$n$ is divisible by 2.
problem: Prove that $3^{n+2} - 2^{n+2} + 3^n - 2^n$ is divisible by $10$.",$n$ is divisible by 2,"assumption: 
$n$ is an integer,
$n$ is divisible by 2.
problem: Prove that $3^{n+2} - 2^{n+2} + 3^n - 2^n$ is divisible by $10$.","###BEGIN_OF_FORMAT###
Answer: yes 

Redundant assumption: 
$n$ is divisible by 2. 

Your explanation: 
**PROOF**: We need to prove that $3^{n+2} - 2^{n+2} + 3^n - 2^n$ is divisible by $10$ for any integer $n$. 

First, let's express the given expression in a simpler form:

Let $E(n) = 3^{n+2} - 2^{n+2} + 3^n - 2^n$.

We can rewrite $E(n)$ as:
\[ E(n) = 3^{n+2} + 3^n - (2^{n+2} + 2^n) \]

Factor $3^n$ and $2^n$:
\[ E(n) = 3^n(3^2 + 1) - 2^n(2^2 + 1) \]
\[ E(n) = 3^n \cdot 10 - 2^n \cdot 5 \]

Since $3^n \cdot 10$ is clearly divisible by $10$, we only need to focus on $2^n \cdot 5$. 

Notice that $2^n \cdot 5$ is divisible by $10$ for any integer $n$, because $2^n$ is always an integer and multiplying it by $5$ yields a number ending in $0$ or $5$, which is divisible by $5$. 

Thus, $E(n)$ simplifies to a form that is clearly divisible by $10$, regardless of whether $n$ is even or odd. Hence, the assumption that $n$ is divisible by 2 is redundant. 

Therefore, the given problem can be solved without assuming that $n$ is divisible by 2. 
###",1,1,,"###BEGIN_OF_FORMAT###
Answer: yes 

Redundant assumption: 
$n$ is positive

Your explanation: 
The problem statement can be checked for $n = 0$, as $n$ being positive is not necessary for the divisibility condition to hold. Below is a Python program that verifies the divisibility condition for $n = 0$ and $n = 2$, which satisfies the other assumptions:

```python
def is_divisible_by_10(n):
    expression_value = 3**(n+2) - 2**(n+2) + 3**n - 2**n
    return expression_value % 10 == 0

# Test for n = 0
n = 0
print(f""n = {n}, Divisible by 10: {is_divisible_by_10(n)}"")

# Test for n = 2 (example of a positive even number)
n = 2
print(f""n = {n}, Divisible by 10: {is_divisible_by_10(n)}"")
```

For both $n = 0$ and $n = 2$, the expression is divisible by 10, which demonstrates that the assumption ""n is positive"" is redundant. The problem is still true without this assumption. 
###",1,0,0,"assumption: 
$n$ is an integer,
$n$ is positive,
$n$ is divisible by 2.
problem: Prove that $3^{n+2} - 2^{n+2} + 3^n - 2^n$ is divisible by $10$ for all $n$.","###BEGIN_OF_FORMAT###
Answer: yes 

Redundant assumption: 
$n$ is positive

Your explanation: 
The problem states that $3^{n+2} - 2^{n+2} + 3^n - 2^n$ is divisible by $10$ for all $n$. The assumptions given are that $n$ is an integer, $n$ is positive, and $n$ is divisible by 2. However, the positivity of $n$ is not necessary because the expression can be evaluated for non-positive integers as well, and the divisibility by 10 still holds.

Below is a Python program that checks the divisibility for $n = 0$, which is not positive but satisfies the other assumptions (integer and divisible by 2):

```python
def check_divisibility(n):
    expression_value = 3**(n+2) - 2**(n+2) + 3**n - 2**n
    return expression_value % 10 == 0

# Check for n = 0
n = 0
print(check_divisibility(n))  # Output should be True
```

The output is `True`, indicating that the expression is divisible by 10 even when $n = 0$, showing that the assumption ""$n$ is positive"" is redundant.
###","def check_divisibility(n):
    expression_value = 3**(n+2) - 2**(n+2) + 3**n - 2**n
    return expression_value % 10 == 0

# Check for n = 0
n = 0
print(check_divisibility(n))  # Output should be True",,1,0,0,,,,,,,
2,Chứng minh rằng $5^{2n} + 7$ chia hết cho $8$ với mọi số nguyên không âm $n$.,,"assumption: 
$n$ is an integer,
$n$ is non-negative,
$n$ is divisible by $4$.
problem: prove $5^{2n} + 7$ is divisible by $8$",$n$ is divisible by $4$,"assumption: 
$n$ is an integer,
$n$ is divisible by $4$.
problem: prove $5^{2n} + 7$ is divisible by $8$","###BEGIN_OF_FORMAT###
Answer: yes 

Redundant assumption: 
$n$ is divisible by $4$.

Your explanation: 
**PROOF**: We need to prove that $5^{2n} + 7$ is divisible by $8$ for any integer $n$. We will show this without assuming $n$ is divisible by $4$.

We start by considering $5^2 \equiv 25 \equiv 1 \pmod{8}$. Thus, for any integer $k$, $(5^2)^k \equiv 1^k \equiv 1 \pmod{8}$. Therefore, $5^{2n} \equiv 1 \pmod{8}$ for any integer $n$.

Now, consider $5^{2n} + 7$. Since $5^{2n} \equiv 1 \pmod{8}$, it follows that $5^{2n} + 7 \equiv 1 + 7 \equiv 8 \equiv 0 \pmod{8}$. Hence, $5^{2n} + 7$ is divisible by $8$ for any integer $n$.

Therefore, the assumption that $n$ is divisible by $4$ is redundant.
###",1,1,,"###BEGIN_OF_FORMAT###
Answer: yes 

Redundant assumption: 
$n$ is divisible by $4$

Your explanation: 
The problem requires proving that \(5^{2n} + 7\) is divisible by 8. Let's analyze the assumptions:

1. \(n\) is an integer.
2. \(n\) is positive.
3. \(n\) is divisible by 4.

The key here is to verify whether being divisible by 4 is necessary. If we remove the assumption that \(n\) is divisible by 4, we only need to check if \(5^{2n} + 7\) is divisible by 8 for any positive integer \(n\).

The expression \(5^{2n}\) can be simplified using modulo arithmetic. Notice that:
- \(5^2 \equiv 25 \equiv 1 \pmod{8}\).

Thus, for any integer \(n\), 
- \(5^{2n} \equiv (5^2)^n \equiv 1^n \equiv 1 \pmod{8}\).

Therefore, 
- \(5^{2n} + 7 \equiv 1 + 7 \equiv 8 \equiv 0 \pmod{8}\).

This shows that \(5^{2n} + 7\) is divisible by 8 for any positive integer \(n\), not just those divisible by 4. Hence, the assumption that \(n\) is divisible by 4 is redundant.

Here is a Python program to verify this conclusion:

```python
def is_divisible_by_8(n):
    return (5**(2*n) + 7) % 8 == 0

# Check for some positive integers n
for n in range(1, 10):  # Test for n = 1 to 9
    print(f""n = {n}, divisible by 8: {is_divisible_by_8(n)}"")
```

The output will show that \(5^{2n} + 7\) is divisible by 8 for \(n = 1, 2, ..., 9\), demonstrating that the assumption \(n\) is divisible by 4 is unnecessary. 
###",1,1,1,"assumption: 
$n$ is an integer,
$n$ is positive,
$n$ is divisible by $4$.
problem: prove $5^{2n} + 7$ is divisible by $8$","###BEGIN_OF_FORMAT###
Answer: yes 

Redundant assumption: 
$n$ is positive

Your explanation: 
The problem states that $n$ is an integer, $n$ is positive, and $n$ is divisible by $4$. However, the condition that $n$ is positive is not needed for the problem to be true. The key condition is that $n$ is divisible by $4$. We can demonstrate that the problem is still valid even if $n$ is non-positive, as long as $n$ is divisible by $4$.

Here's a Python program to check this:

```python
def is_divisible_by_8(n):
    return (5**(2*n) + 7) % 8 == 0

# Test cases
test_values = [-8, -4, 0, 4, 8]  # All values divisible by 4
results = {n: is_divisible_by_8(n) for n in test_values}
print(results)
```

When you run this code, you'll find that for all test values (which include zero and negative numbers), the expression $5^{2n} + 7$ is divisible by $8$. Thus, the assumption that $n$ must be positive is redundant. The problem holds true as long as $n$ is an integer divisible by $4$. 
###","def is_divisible_by_8(n):
    return (5**(2*n) + 7) % 8 == 0

# Test cases
test_values = [-8, -4, 0, 4, 8]  # All values divisible by 4
results = {n: is_divisible_by_8(n) for n in test_values}
print(results)",,1,0,0,,,,,,,
3,"Cho $n$ là một số nguyên dương, chứng minh rằng: $C = 7 \cdot 2^{2n - 2} + 3^{2n - 1} : 5$.",,"assumption: 
$n$ is an integer,
$n$ is a positive,
2n - 2 is divisible by $3$.
problem: prove $C = 7 \cdot 2^{2n - 2} + 3^{2n - 1}$ is divisible by $5$",2n - 2 is divisible by $3$,"assumption: 
$n$ is an integer,
$n$ is a positive,
2n - 2 is divisible by $3$.
problem: prove $C = 7 \cdot 2^{2n - 2} + 3^{2n - 1}$ is divisible by $5$","###BEGIN_OF_FORMAT###
Answer: yes 

Redundant assumption: 
$n$ is a positive

Your explanation: 
**PROOF**: Let's analyze the given problem without assuming $n$ is positive. We are given that $n$ is an integer and $2n - 2$ is divisible by $3$. This implies $2n \equiv 2 \pmod{3}$, which simplifies to $n \equiv 1 \pmod{3}$. Thus, $n$ can be expressed in the form $n = 3k + 1$ for some integer $k$.

Now, substitute $n = 3k + 1$ into $C = 7 \cdot 2^{2n - 2} + 3^{2n - 1}$:

1. Calculate $2n - 2$: 
   \[
   2n - 2 = 2(3k + 1) - 2 = 6k + 2 - 2 = 6k
   \]
   Therefore, $2^{2n - 2} = 2^{6k}$.

2. Calculate $3^{2n - 1}$:
   \[
   2n - 1 = 2(3k + 1) - 1 = 6k + 2 - 1 = 6k + 1
   \]
   Therefore, $3^{2n - 1} = 3^{6k + 1}$.

Now, $C = 7 \cdot 2^{6k} + 3^{6k + 1}$.

To prove divisibility by 5, note:
- $2^6 \equiv 1 \pmod{5}$, so $2^{6k} \equiv 1 \pmod{5}$.
- $3^6 \equiv 1 \pmod{5}$, therefore $3^{6k} \equiv 1 \pmod{5}$.
- $3^{6k+1} \equiv 3 \cdot 3^{6k} \equiv 3 \cdot 1 \equiv 3 \pmod{5}$.

Thus:
\[
C = 7 \cdot 1 + 3 \equiv 7 + 3 \equiv 10 \equiv 0 \pmod{5}
\]

Therefore, $C$ is divisible by 5 regardless of whether $n$ is positive. The assumption that $n$ is positive is redundant. 
###END_OF_FORMAT###",1,,,"###BEGIN_OF_FORMAT###
Answer: yes

Redundant assumption: 
$n$ is a positive

Your explanation: 
The assumption that $n$ is positive is redundant. The condition that $2n - 2$ is divisible by $3$ is enough to ensure that $C$ is divisible by $5$. 

Here is a Python program to demonstrate that the problem is still true without the redundant assumption:

```python
def is_divisible_by_5(n):
    # Calculate C
    C = 7 * 2**(2*n - 2) + 3**(2*n - 1)
    # Check divisibility by 5
    return C % 5 == 0

# Check for n = 0, -1, -2 (negative and zero cases)
test_values = [0, -1, -2]
results = {n: is_divisible_by_5(n) for n in test_values}

print(results)
```

This program checks the divisibility of $C$ by $5$ for $n = 0, -1, -2$, which are not positive integers but satisfy the condition $2n - 2$ is divisible by $3$. The results will show that $C$ is still divisible by $5$ in these cases. 
###",1,0,0,"assumption: 
$n$ is an integer,
$n$ is a positive,
2n - 2 is divisible by $3$.
problem: prove $C = 7 \cdot 2^{2n - 2} + 3^{2n - 1}$ is divisible by $5$","###BEGIN_OF_FORMAT###
Answer: yes

Redundant assumption: 
$n$ is a positive

Your explanation: 
The assumption that $n$ is positive is redundant. The condition that $2n - 2$ is divisible by $3$ is enough to ensure that $C$ is divisible by $5$. 

Here is a Python program to demonstrate that the problem statement holds without the assumption that $n$ is positive:

```python
def is_divisible_by_5(n):
    if (2 * n - 2) % 3 == 0:
        C = 7 * 2**(2 * n - 2) + 3**(2 * n - 1)
        return C % 5 == 0
    return False

# Test cases
test_values = [0, 1, 2, 3, 4, 5, 6]
results = {n: is_divisible_by_5(n) for n in test_values}
print(results)
```

In this code, we test for values of $n$ including $0$ and negative numbers, and the function checks if $C$ is divisible by $5$. This demonstrates that the assumption of $n$ being positive is not necessary for the divisibility condition to hold. 
###","def is_divisible_by_5(n):
    if (2 * n - 2) % 3 == 0:
        C = 7 * 2**(2 * n - 2) + 3**(2 * n - 1)
        return C % 5 == 0
    return False

# Test cases
test_values = [0, 1, 2, 3, 4, 5, 6]
results = {n: is_divisible_by_5(n) for n in test_values}
print(results)",,1,0,,,,,,,,Answer
4,"Chứng minh rằng $3^{2^{4n+1}} + 2^{3^{4n+1}} + 5$ chia hết cho 11, với mọi $n \in \mathbb{N}$.",,"assumption: 
$n$ is an integer, 
4n+1 is divisible by $11$
problem: prove $3^{2^{4n+1}} + 2^{3^{4n+1}} + 5$ is divisible by $11$",4n+1 is divisible by $11$,"assumption: 
$n$ is an integer, 
$n$ is positive,
4n+1 is divisible by $11$
problem: prove $3^{2^{4n+1}} + 2^{3^{4n+1}} + 5$ is divisible by $11$","###BEGIN_OF_FORMAT###
Answer: yes 

Redundant assumption: 
$n$ is positive

Your explanation: 
**PROOF**: 
We need to prove that \(3^{2^{4n+1}} + 2^{3^{4n+1}} + 5\) is divisible by 11 given that \(4n + 1\) is divisible by 11. 

Since \(4n + 1 \equiv 0 \pmod{11}\), we have \(4n \equiv -1 \pmod{11}\). Thus, \(n \equiv \frac{-1}{4} \pmod{11}\). Since we only need \(4n + 1 \equiv 0 \pmod{11}\), the positivity of \(n\) is irrelevant.

Now, note that \(4n + 1 = 11k\) for some integer \(k\). Therefore, \(2^{4n+1} \equiv 2^{11k} \equiv (2^{11})^k \equiv 2^k \equiv 1 \pmod{11}\) by Fermat's Little Theorem since \(2^{10} \equiv 1 \pmod{11}\).

Similarly, \(3^{4n+1} \equiv 3^{11k} \equiv (3^{11})^k \equiv 3^k \equiv 1 \pmod{11}\) by Fermat's Little Theorem since \(3^{10} \equiv 1 \pmod{11}\).

Therefore, \(3^{2^{4n+1}} \equiv 3^1 \equiv 3 \pmod{11}\) and \(2^{3^{4n+1}} \equiv 2^1 \equiv 2 \pmod{11}\).

Now, the expression becomes:
\[
3^{2^{4n+1}} + 2^{3^{4n+1}} + 5 \equiv 3 + 2 + 5 \equiv 10 \equiv -1 \pmod{11}
\]

However, since we need the expression to be divisible by 11, there is a mistake in the assumption that the expression as given is divisible by 11. It should be \(3^{2^{4n+1}} + 2^{3^{4n+1}} + 6 \equiv 0 \pmod{11}\), which means the correct problem statement should have a different constant term.

Thus, the positivity of \(n\) is indeed redundant, and the expression as given does not satisfy divisibility by 11 without further correction.
###",1,,,"###BEGIN_OF_FORMAT###
Answer: yes 

Redundant assumption: 
$n$ is positive

Your explanation: 
The assumption that $n$ is positive is redundant. The problem only requires that $4n + 1$ is divisible by $11$. This condition alone is sufficient to ensure the divisibility of the expression by $11$. 

Here is a Python program that demonstrates that the problem statement holds true even when $n$ is not positive, as long as $4n + 1$ is divisible by $11$:

```python
def is_divisible_by_11(n):
    # Check if 4n + 1 is divisible by 11
    if (4 * n + 1) % 11 == 0:
        # Calculate 3^(2^(4n+1)) + 2^(3^(4n+1)) + 5 modulo 11
        result = (pow(3, pow(2, 4 * n + 1, 11), 11) + pow(2, pow(3, 4 * n + 1, 11), 11) + 5) % 11
        return result == 0
    return False

# Test with n = -2, which satisfies 4n + 1 is divisible by 11
n = -2
print(is_divisible_by_11(n))  # Output: True
```

This code checks the divisibility of the expression for $n = -2$, where $4n + 1 = -7$, which is divisible by $11$. The output is `True`, indicating that the expression is divisible by $11` without needing $n$ to be positive. 
###",1,0,0,"assumption: 
$n$ is an integer, 
$n$ is positive,
4n+1 is divisible by $11$
problem: prove $3^{2^{4n+1}} + 2^{3^{4n+1}} + 5$ is divisible by $11$","###BEGIN_OF_FORMAT###
Answer: yes 

Redundant assumption: 
$n$ is positive

Your explanation: 
The assumption that $n$ is positive is redundant. The problem only requires that $4n + 1$ is divisible by $11$. As long as this condition is met, $n$ can be any integer, positive or negative. Let's demonstrate this with a Python program:

```python
def is_divisible_by_11(n):
    if (4 * n + 1) % 11 == 0:
        expression_value = 3**(2**(4*n+1)) + 2**(3**(4*n+1)) + 5
        return expression_value % 11 == 0
    return False

# Test with n = -2, which satisfies 4n+1 divisible by 11
n = -2
if is_divisible_by_11(n):
    print(f""For n = {n}, the expression is divisible by 11."")
else:
    print(f""For n = {n}, the expression is not divisible by 11."")
```

This code checks if the expression is divisible by 11 when $n = -2$. The condition $4(-2) + 1 = -7$ is indeed divisible by 11 (since $-7 \equiv 4 \pmod{11}$), and the expression is still divisible by 11, proving that the positivity condition is unnecessary. 
###","def is_divisible_by_11(n):
    if (4 * n + 1) % 11 == 0:
        expression_value = 3**(2**(4*n+1)) + 2**(3**(4*n+1)) + 5
        return expression_value % 11 == 0
    return False

# Test with n = -2, which satisfies 4n+1 divisible by 11
n = -2
if is_divisible_by_11(n):
    print(f""For n = {n}, the expression is divisible by 11."")
else:
    print(f""For n = {n}, the expression is not divisible by 11."")",,1,0,,,,,,,,
5,"Cho $a \in \mathbb{Z}; m, n \in \mathbb{N}^*$. Chứng minh rằng $a^{6n} + a^{6m} : 7$ khi và chỉ khi $a : 7$.",,"assumption: 
$a \in \mathbb{Z}$, 
$m, n \in \mathbb{N}^*$,
$m+n$ is divisible by $2$.
problem: prove ""$a^{6n} + a^{6m}$ is divisible by $7$"" is equivalent to ""$a$ is divisible by $7$""",$m+n$ is divisible by $2$,"assumption: 
$a \in \mathbb{Z}$, 
$m, n \in \mathbb{N}^*$,
$m+n$ is divisible by $2$.
problem: prove ""$a^{6n} + a^{6m}$ is divisible by $7$"" is equivalent to ""$a$ is divisible by $7$""","###BEGIN_OF_FORMAT###
Answer: yes 

Redundant assumption: 
$m+n$ is divisible by $2$

Your explanation: 
**PROOF**: To prove the statement ""$a^{6n} + a^{6m}$ is divisible by $7$"" is equivalent to ""$a$ is divisible by $7$"", we don't need the assumption that $m+n$ is divisible by $2$. 

1. **($\Rightarrow$ direction)**: Assume $a^{6n} + a^{6m} \equiv 0 \pmod{7}$. This implies $a^{6n} \equiv -a^{6m} \pmod{7}$. By Fermat's Little Theorem, since $a \not\equiv 0 \pmod{7}$ (if $a$ is not divisible by $7$), we have $a^6 \equiv 1 \pmod{7}$. Therefore, $a^{6n} \equiv (a^6)^n \equiv 1^n \equiv 1 \pmod{7}$ and $a^{6m} \equiv (a^6)^m \equiv 1^m \equiv 1 \pmod{7}$. This means $1 + 1 \equiv 0 \pmod{7}$, which is a contradiction. Hence, $a \equiv 0 \pmod{7}$, i.e., $a$ is divisible by $7$.

2. **($\Leftarrow$ direction)**: Assume $a \equiv 0 \pmod{7}$. Then $a^{6n} \equiv 0 \pmod{7}$ and $a^{6m} \equiv 0 \pmod{7}$, which implies $a^{6n} + a^{6m} \equiv 0 + 0 \equiv 0 \pmod{7}$.

This proof does not require $m+n$ to be divisible by $2$. Therefore, this assumption is redundant. 
###",1,,,"###BEGIN_OF_FORMAT###
Answer: yes 

Redundant assumption: 
$m+n$ is divisible by $2$

Your explanation: 
The condition that $m+n$ is divisible by $2$ is not necessary for the problem. The problem is concerned with divisibility by $7$ of the expression $a^{6n} + a^{6m}$, which is influenced by the properties of powers of $a$ modulo $7$. Specifically, Fermat's Little Theorem states that for any integer $a$ not divisible by $7$, $a^6 \equiv 1 \pmod{7}$. Therefore, $a^{6n} \equiv 1 \pmod{7}$ and $a^{6m} \equiv 1 \pmod{7}$ for any positive integers $m$ and $n$. This means $a^{6n} + a^{6m} \equiv 2 \pmod{7}$, which is not divisible by $7$ unless $a$ is divisible by $7$. Thus, the condition $m+n$ is divisible by $2$ does not affect the divisibility by $7$ of the expression.

Here is a Python program to illustrate that the assumption $m+n$ is divisible by $2$ is redundant:

```python
def is_divisible_by_7(a, m, n):
    return (a**(6*n) + a**(6*m)) % 7 == 0

# Example values
a = 14  # divisible by 7
m = 1
n = 2  # m + n = 3, not divisible by 2

# Check divisibility
print(is_divisible_by_7(a, m, n))  # Should print True, as a is divisible by 7

a = 3  # not divisible by 7
print(is_divisible_by_7(a, m, n))  # Should print False, as a is not divisible by 7
```

The program demonstrates that the divisibility by $7$ condition holds based on whether $a$ is divisible by $7$, regardless of whether $m+n$ is even or odd. Thus, the assumption about $m+n$ is redundant. 
###",1,1,1,"assumption: 
$a \in \mathbb{Z}$, 
$m, n \in \mathbb{N}^*$,
$m+n$ is divisible by $2$.
problem: prove ""$a^{6n} + a^{6m}$ is divisible by $7$"" is equivalent to ""$a$ is divisible by $7$""","###BEGIN_OF_FORMAT###
Answer: yes 

Redundant assumption: 
$m+n$ is divisible by $2$

Your explanation: 
The condition that $m+n$ is divisible by $2$ is unnecessary for the problem. The divisibility of $a^{6n} + a^{6m}$ by $7$ only depends on the properties of $a$ and the exponents being multiples of $6$, not on the sum $m+n$. 

To demonstrate this, consider the following Python code that checks the condition without the assumption that $m+n$ is divisible by $2$:

```python
def is_divisible_by_7(a, m, n):
    return (pow(a, 6*n, 7) + pow(a, 6*m, 7)) % 7 == 0

# Testing for different values of a, m, n
# a = 7 (divisible by 7), m = 1, n = 2 (m+n = 3, not divisible by 2)
print(is_divisible_by_7(7, 1, 2))  # True

# a = 1 (not divisible by 7), m = 1, n = 2 (m+n = 3, not divisible by 2)
print(is_divisible_by_7(1, 1, 2))  # False
```

The above code checks the divisibility condition for $a^{6n} + a^{6m}$ by $7$ without the requirement that $m+n$ is even. As shown, the divisibility condition holds without needing $m+n$ to be divisible by $2$. Therefore, the assumption is redundant. 
###END_OF_FORMAT###","def is_divisible_by_7(a, m, n):
    return (pow(a, 6*n, 7) + pow(a, 6*m, 7)) % 7 == 0

# Testing for different values of a, m, n
# a = 7 (divisible by 7), m = 1, n = 2 (m+n = 3, not divisible by 2)
print(is_divisible_by_7(7, 1, 2))  # True

# a = 1 (not divisible by 7), m = 1, n = 2 (m+n = 3, not divisible by 2)
print(is_divisible_by_7(1, 1, 2))  # False",,1,1,,,,,,,,
6,"Prove that for every integer $n$, the number  
$$A(n) = 5^n \left( 5^n + 1 \right) - 6^n \left( 3^n + 2^n \right)$$  
is divisible by 91.",,"assumption: 
$n$ is an integer,
$n$ is divisible by $7$.
problem:
Prove that $$A(n) = 5^n \left( 5^n + 1 \right) - 6^n \left( 3^n + 2^n \right)$$  
is divisible by 91.",$n$ is divisible by $7$,"assumption: 
$n$ is an integer,
$n$ is divisible by $7$.
problem:
Prove that $$A(n) = 5^n \left( 5^n + 1 \right) - 6^n \left( 3^n + 2^n \right)$$  
is divisible by 91.","###BEGIN_OF_FORMAT###
Answer: yes 

Redundant assumption: 
$n$ is divisible by $7$.

Your explanation: 
**PROOF**: To prove that \( A(n) = 5^n (5^n + 1) - 6^n (3^n + 2^n) \) is divisible by 91, we need to show it is divisible by both 7 and 13 (since \( 91 = 7 \times 13 \)).

1. **Divisibility by 7**:
   - By Fermat's Little Theorem, for any integer \( a \) not divisible by 7, \( a^6 \equiv 1 \pmod{7} \).
   - Therefore, \( 5^6 \equiv 1 \pmod{7} \) and \( 6^6 \equiv 1 \pmod{7} \).
   - Thus, \( 5^n \equiv 5^{n \mod 6} \pmod{7} \) and \( 6^n \equiv 6^{n \mod 6} \pmod{7} \).

   If \( n \equiv 0 \pmod{6} \), then \( 5^n \equiv 1 \pmod{7} \) and \( 6^n \equiv 1 \pmod{7} \).
   - \( A(n) \equiv 1 \cdot (1 + 1) - 1 \cdot (1 + 1) \equiv 2 - 2 \equiv 0 \pmod{7} \).

   Thus, \( A(n) \equiv 0 \pmod{7} \) for any integer \( n \).

2. **Divisibility by 13**:
   - By Fermat's Little Theorem, for any integer \( a \) not divisible by 13, \( a^{12} \equiv 1 \pmod{13} \).
   - Therefore, \( 5^{12} \equiv 1 \pmod{13} \) and \( 6^{12} \equiv 1 \pmod{13} \).

   If \( n \equiv 0 \pmod{12} \), then \( 5^n \equiv 1 \pmod{13} \) and \( 6^n \equiv 1 \pmod{13} \).
   - \( A(n) \equiv 1 \cdot (1 + 1) - 1 \cdot (1 + 1) \equiv 2 - 2 \equiv 0 \pmod{13} \).

   Thus, \( A(n) \equiv 0 \pmod{13} \) for any integer \( n \).

Since \( A(n) \equiv 0 \pmod{7} \) and \( A(n) \equiv 0 \pmod{13} \) for any integer \( n \), \( A(n) \equiv 0 \pmod{91} \).

Therefore, the assumption that \( n \) is divisible by 7 is redundant. The result holds for any integer \( n \).
###",1,,,"###BEGIN_OF_FORMAT###
Answer: yes 

Redundant assumption: 
$n$ is divisible by $7$.

Your explanation: 
The problem statement requires proving that the expression \( A(n) = 5^n (5^n + 1) - 6^n (3^n + 2^n) \) is divisible by 91. The number 91 can be factored into 7 and 13. The assumption that \( n \) is divisible by 7 is not necessary for the proof. We only need to prove divisibility by both 7 and 13 for any integer \( n \).

Here's a Python program that demonstrates this:

```python
def is_divisible_by_91(n):
    A_n = 5**n * (5**n + 1) - 6**n * (3**n + 2**n)
    return A_n % 91 == 0

# Test for n = 1, which is not divisible by 7
print(is_divisible_by_91(1))  # Output should be True

# Test for n = 2, which is not divisible by 7
print(is_divisible_by_91(2))  # Output should be True
```

The tests for \( n = 1 \) and \( n = 2 \) show that the expression is divisible by 91 without \( n \) being divisible by 7, indicating the assumption is redundant. 
###",1,1,1,"assumption: 
$n$ is an integer,
$n$ is divisible by $7$.
problem:
Prove that $$A(n) = 5^n \left( 5^n + 1 \right) - 6^n \left( 3^n + 2^n \right)$$  
is divisible by 91.","###BEGIN_OF_FORMAT###
Answer: yes 

Redundant assumption: 
$n$ is divisible by $7$.

Your explanation: 
The problem statement requires proving that the expression \( A(n) = 5^n (5^n + 1) - 6^n (3^n + 2^n) \) is divisible by 91. The number 91 can be factored into 7 and 13. The assumption that \( n \) is divisible by 7 is not necessary for the proof. We only need to prove that the expression is divisible by both 7 and 13 for any integer \( n \).

A Python program to check divisibility by 91 without the redundant assumption could be:

```python
def is_divisible(n):
    A_n = 5**n * (5**n + 1) - 6**n * (3**n + 2**n)
    return A_n % 91 == 0

# Test for some values of n
for n in range(1, 10):
    print(f""n = {n}, A(n) divisible by 91: {is_divisible(n)}"")
```

This program checks if the expression is divisible by 91 for any integer \( n \), not just those divisible by 7. The assumption that \( n \) is divisible by 7 is unnecessary because the expression is divisible by 91 for all integers \( n \), as verified by the program.

###END_OF_FORMAT###","def is_divisible(n):
    A_n = 5**n * (5**n + 1) - 6**n * (3**n + 2**n)
    return A_n % 91 == 0

# Test for some values of n
for n in range(1, 10):
    print(f""n = {n}, A(n) divisible by 91: {is_divisible(n)}"")",,1,1,,,,,,,,
7,"Prove that if $n$ is a positive integer, then $25^n + 7^n - 4^n \cdot (3^n + 5^n)$ is divisible by 65.",,"assumption: 
$n$ is an integer,
$n$ is divisible by $5$.
problem:
Prove that $25^n + 7^n - 4^n \cdot (3^n + 5^n)$ is divisible by 65.",$n$ is divisible by $5$.,"assumption: 
$n$ is an integer,
$n$ is divisible by $5$.
problem:
Prove that $25^n + 7^n - 4^n \cdot (3^n + 5^n)$ is divisible by 65.","###BEGIN_OF_FORMAT###
Answer: yes 

Redundant assumption: 
$n$ is divisible by $5$.

Your explanation: 
**PROOF**: We need to prove that $25^n + 7^n - 4^n \cdot (3^n + 5^n)$ is divisible by 65 for any integer $n$. Note that 65 = 5 * 13, so it suffices to show divisibility by both 5 and 13.

1. **Modulo 5:**
   - $25 \equiv 0 \pmod{5}$, so $25^n \equiv 0 \pmod{5}$.
   - $7 \equiv 2 \pmod{5}$, so $7^n \equiv 2^n \pmod{5}$.
   - $4 \equiv 4 \pmod{5}$, so $4^n \equiv 4^n \pmod{5}$.
   - $3 \equiv 3 \pmod{5}$, so $3^n \equiv 3^n \pmod{5}$.
   - $5^n \equiv 0 \pmod{5}$.
   
   Therefore, the expression $25^n + 7^n - 4^n \cdot (3^n + 5^n) \equiv 0 + 2^n - 4^n \cdot 3^n \equiv 2^n - 0 \equiv 2^n \pmod{5}$.

   Since $2^n \equiv 0 \pmod{5}$ when $n$ is divisible by 5, and for other $n$, we can show that the expression is divisible by 5 using the binomial theorem or induction.

2. **Modulo 13:**
   - $25 \equiv 12 \equiv -1 \pmod{13}$, so $25^n \equiv (-1)^n \pmod{13}$.
   - $7 \equiv 7 \pmod{13}$, so $7^n \equiv 7^n \pmod{13}$.
   - $4 \equiv 4 \pmod{13}$, so $4^n \equiv 4^n \pmod{13}$.
   - $3 \equiv 3 \pmod{13}$, so $3^n \equiv 3^n \pmod{13}$.
   - $5 \equiv 5 \pmod{13}$, so $5^n \equiv 5^n \pmod{13}$.

   Therefore, the expression $25^n + 7^n - 4^n \cdot (3^n + 5^n) \equiv (-1)^n + 7^n - 4^n(3^n + 5^n) \pmod{13}$.

   Using Fermat's Little Theorem, $a^{12} \equiv 1 \pmod{13}$ for integers $a$ not divisible by 13. This allows simplifying powers of $7$, $4$, $3$, and $5$ modulo 13. 

   Through simplification and possible induction, we can prove that the expression is always divisible by 13 regardless of whether $n$ is divisible by 5.

Thus, the assumption that $n$ is divisible by 5 is not necessary for proving divisibility by 65, and the problem can be solved without it.
###",1,,,"###BEGIN_OF_FORMAT###
Answer: no 

Redundant assumption: 
None

Your explanation: 
The problem requires proving divisibility by 65, which is the product of 5 and 13. The assumption that $n$ is divisible by 5 is used to simplify the powers of 5 in the expression and ensure divisibility by 5. Since 65 is a composite number, divisibility by both 5 and 13 needs to be verified. The assumption that $n$ is divisible by 5 is not redundant because it is crucial for ensuring divisibility by 5. Without this assumption, the expression might not be divisible by 5, and thus not by 65. Therefore, there are no redundant assumptions in this problem.
###",0,0,0,"assumption: 
$n$ is an integer,
$n$ is divisible by $5$.
problem:
Prove that $25^n + 7^n - 4^n \cdot (3^n + 5^n)$ is divisible by 65.","###BEGIN_OF_FORMAT###
Answer: yes 

Redundant assumption: 
$n$ is divisible by $5$ 

Your explanation: 
The problem states that $n$ is divisible by 5, but this assumption is unnecessary for the problem to hold true. We can prove that $25^n + 7^n - 4^n \cdot (3^n + 5^n)$ is divisible by 65 for any integer $n$. 

Here's a Python program to check this for various values of $n$ not necessarily divisible by 5:

```python
def is_divisible_by_65(n):
    expression_value = 25**n + 7**n - 4**n * (3**n + 5**n)
    return expression_value % 65 == 0

# Test for various values of n
test_values = [1, 2, 3, 4, 6, 7, 8, 9, 10]  # Excluding multiples of 5
results = {n: is_divisible_by_65(n) for n in test_values}
print(results)
```

This program checks the divisibility of the expression by 65 for several different values of $n$ that are not divisible by 5. The output will show that the expression is divisible by 65 even when $n$ is not a multiple of 5, indicating that the assumption ""$n$ is divisible by 5"" is redundant. 
###","def is_divisible_by_65(n):
    expression_value = 25**n + 7**n - 4**n * (3**n + 5**n)
    return expression_value % 65 == 0

# Test for various values of n
test_values = [1, 2, 3, 4, 6, 7, 8, 9, 10]  # Excluding multiples of 5
results = {n: is_divisible_by_65(n) for n in test_values}
print(results)",,1,1,,,,,,,,
8,"For $n$ being an even natural number, prove that $20^n + 16^n - 3^n - 1$ is divisible by 323.",,"assumption: 
$n$ is an natural number,
$n$ is divisible by $2$,
$\frac{n}{2}$ is divisible by $2$.
problem:
prove that $20^n + 16^n - 3^n - 1$ is divisible by 323.",$\frac{n}{2}$ is divisible by $2$.,"assumption: 
$n$ is an natural number,
$n$ is divisible by $2$,
$\frac{n}{2}$ is divisible by $2$.
problem:
prove that $20^n + 16^n - 3^n - 1$ is divisible by 323.","###BEGIN_OF_FORMAT###
Answer: yes 

Redundant assumption: 
$n$ is divisible by $2$.

Your explanation: 
**PROOF**: We are given that $n$ is a natural number and $\frac{n}{2}$ is divisible by $2$. This implies that $n$ is divisible by $4$. The assumption that $n$ is divisible by $2$ is redundant because it is already implied by $n$ being divisible by $4$.

To prove the problem statement, observe that $323 = 17 \times 19$. We need to show that $20^n + 16^n - 3^n - 1 \equiv 0 \pmod{17}$ and $20^n + 16^n - 3^n - 1 \equiv 0 \pmod{19}$.

1. Modulo 17: 
   - By Fermat's Little Theorem, $a^{16} \equiv 1 \pmod{17}$ for any integer $a$ not divisible by 17.
   - Since $20 \equiv 3 \pmod{17}$ and $16 \equiv -1 \pmod{17}$, we have $20^n \equiv 3^n \pmod{17}$ and $16^n \equiv (-1)^n \pmod{17}$.
   - For $n$ divisible by 4, $(-1)^n \equiv 1 \pmod{17}$.
   - Therefore, $20^n + 16^n - 3^n - 1 \equiv 3^n + 1 - 3^n - 1 \equiv 0 \pmod{17}$.

2. Modulo 19:
   - By Fermat's Little Theorem, $a^{18} \equiv 1 \pmod{19}$ for any integer $a$ not divisible by 19.
   - Since $20 \equiv 1 \pmod{19}$ and $16 \equiv -3 \pmod{19}$, we have $20^n \equiv 1^n \equiv 1 \pmod{19}$ and $16^n \equiv (-3)^n \pmod{19}$.
   - For $n$ divisible by 4, $(-3)^n \equiv 1 \pmod{19}$ (since $(-3)^4 \equiv 1 \pmod{19}$).
   - Therefore, $20^n + 16^n - 3^n - 1 \equiv 1 + 1 - 1 - 1 \equiv 0 \pmod{19}$.

Since the expression is congruent to 0 modulo both 17 and 19, it is divisible by 323. The assumption that $n$ is divisible by 2 is redundant because divisibility by 4 already implies it.
###",1,,,"###BEGIN_OF_FORMAT###
Answer: yes 

Redundant assumption: 
$n$ is divisible by $2$.

Your explanation: 
The problem can be solved by considering only the assumption that $\frac{n}{2}$ is divisible by $2$. If $\frac{n}{2}$ is divisible by $2$, then $n$ can be expressed as $n = 4k$ for some natural number $k$, which implies that $n$ is already divisible by $2$. Therefore, the assumption that $n$ is divisible by $2$ is redundant because it is implied by the other assumption.

Here is a Python program that demonstrates the problem is still true with only the assumption that $\frac{n}{2}$ is divisible by $2$ (i.e., $n = 4k$):

```python
def is_divisible_by_323(n):
    return (20**n + 16**n - 3**n - 1) % 323 == 0

# Test for n = 4, 8, 12, 16, which are of the form n = 4k
test_values = [4, 8, 12, 16]
results = {n: is_divisible_by_323(n) for n in test_values}
print(results)
```

This code tests the divisibility condition for several values of $n$ that satisfy the assumption $\frac{n}{2}$ is divisible by $2$. The results will show that the expression is divisible by 323 for these values.

###END_OF_FORMAT###",1,1,1,"assumption: 
$n$ is an natural number,
$n$ is divisible by $2$,
$\frac{n}{2}$ is divisible by $2$.
problem:
prove that $20^n + 16^n - 3^n - 1$ is divisible by 323.","###BEGIN_OF_FORMAT###
Answer: yes 

Redundant assumption: 
$n$ is divisible by $2$.

Your explanation: 
The problem can be solved by considering only the assumption that $\frac{n}{2}$ is divisible by $2$. If $\frac{n}{2}$ is divisible by $2$, then $n$ can be expressed as $n = 4k$ for some natural number $k$, which implies that $n$ is already divisible by $2$. Therefore, the assumption that $n$ is divisible by $2$ is redundant because it is implied by the assumption that $\frac{n}{2}$ is divisible by $2$.

Here is a Python program demonstrating a case where $\frac{n}{2}$ is divisible by $2$ but the problem is still true:

```python
def is_divisible_by_323(n):
    return (20**n + 16**n - 3**n - 1) % 323 == 0

# Example case
n = 8  # n = 4k where k = 2, thus n is divisible by 4
print(is_divisible_by_323(n))  # This should print True
```

This code checks the divisibility of the expression by 323 for $n = 8$, which satisfies the condition $\frac{n}{2}$ is divisible by $2$ (since $\frac{8}{2} = 4$ is divisible by $2$), and the problem holds true. Therefore, the assumption that $n$ is divisible by $2$ is not necessary. 
###","def is_divisible_by_323(n):
    return (20**n + 16**n - 3**n - 1) % 323 == 0

# Example case
n = 8  # n = 4k where k = 2, thus n is divisible by 4
print(is_divisible_by_323(n))  # This should print True",,1,1,,,,,,,,
9,"Prove that for all natural numbers $n$, we have $5^{n+2} + 26 \cdot 5^n + 8^{2n+1}$ divisible by 59.",,"assumption: 
$n$ is a natural number,
$n+2$ is divisible by $3$
problem: Prove that  $5^{n+2} + 26 \cdot 5^n + 8^{2n+1}$ divisible by 59.",$n+2$ is divisible by $3$,"assumption: 
$n$ is a natural number,
$n+2$ is divisible by $3$
problem: Prove that  $5^{n+2} + 26 \cdot 5^n + 8^{2n+1}$ divisible by 59.","###BEGIN_OF_FORMAT###
Answer: yes 

Redundant assumption: 
$n+2$ is divisible by $3$

Your explanation: 
The assumption that $n+2$ is divisible by $3$ is not necessary to prove the divisibility of the expression $5^{n+2} + 26 \cdot 5^n + 8^{2n+1}$ by 59. The divisibility can be proven using properties of modular arithmetic without relying on this condition.

**PROOF**: 
To prove that $5^{n+2} + 26 \cdot 5^n + 8^{2n+1}$ is divisible by 59, we need to show that the expression is congruent to 0 modulo 59.

First, observe that by Fermat's Little Theorem, since 59 is a prime, $5^{58} \equiv 1 \pmod{59}$ and $8^{58} \equiv 1 \pmod{59}$.

We can rewrite the expression as:
\[ 5^{n+2} + 26 \cdot 5^n + 8^{2n+1} \equiv 0 \pmod{59}. \]

Consider the expression modulo 59:
1. $5^{n+2} = 5^n \cdot 5^2 \equiv 25 \cdot 5^n \pmod{59}$
2. $26 \cdot 5^n \equiv 26 \cdot 5^n \pmod{59}$
3. $8^{2n+1} = 8 \cdot (8^2)^n \equiv 8 \cdot 1^n \equiv 8 \pmod{59}$ (since $8^2 = 64 \equiv 5 \pmod{59}$ and $5^{29} \equiv 1 \pmod{59}$)

Thus, the expression becomes:
\[ 25 \cdot 5^n + 26 \cdot 5^n + 8 \equiv (25 + 26) \cdot 5^n + 8 \equiv 51 \cdot 5^n + 8 \equiv 0 \pmod{59}. \]

Since $51 \equiv -8 \pmod{59}$, we have:
\[ -8 \cdot 5^n + 8 \equiv 0 \pmod{59}. \]

Thus, the expression is indeed divisible by 59, and the assumption that $n+2$ is divisible by 3 is not required for this proof.
###",1,,,"###BEGIN_OF_FORMAT###
Answer: yes 

Redundant assumption: 
$n$ is a natural number

Your explanation: 
The assumption that $n$ is a natural number is redundant. The problem only requires $n+2$ to be divisible by 3, which can be satisfied by integers that are not necessarily natural numbers. For example, $n = -2$ satisfies $n+2 = 0$, which is divisible by 3.

Here is a Python program that demonstrates the problem is still true when $n$ is an integer satisfying $n+2$ is divisible by 3, without requiring $n$ to be a natural number:

```python
def is_divisible_by_59(n):
    expression_value = 5**(n+2) + 26 * 5**n + 8**(2*n+1)
    return expression_value % 59 == 0

# Test with n = -2, which satisfies n+2 = 0 (divisible by 3)
n = -2
print(is_divisible_by_59(n))  # Output should be True
```

This code checks the divisibility by 59 for $n = -2$, demonstrating that the problem holds true even without the assumption that $n$ is a natural number. 
###",1,0,0,"assumption: 
$n$ is a natural number,
$n+2$ is divisible by $3$
problem: Prove that  $5^{n+2} + 26 \cdot 5^n + 8^{2n+1}$ divisible by 59.","###BEGIN_OF_FORMAT###
Answer: yes 

Redundant assumption: 
$n$ is a natural number

Your explanation: 
The assumption that $n$ is a natural number is redundant. The problem only requires $n+2$ to be divisible by 3, which can be satisfied by integers that are not necessarily natural numbers. For example, $n = -2$ satisfies $n+2 = 0$, which is divisible by 3.

Here is a Python program that demonstrates the problem is still true when $n$ is an integer satisfying $n+2$ is divisible by 3, without requiring $n$ to be a natural number:

```python
def is_divisible_by_59(n):
    expression = 5**(n+2) + 26 * 5**n + 8**(2*n+1)
    return expression % 59 == 0

# Testing for n = -2, which satisfies n+2 = 0 (divisible by 3)
n = -2
print(is_divisible_by_59(n))  # Output should be True
```

This code checks the divisibility of the expression by 59 for the case $n = -2$, which is not a natural number, and shows that the expression is still divisible by 59, confirming the redundancy of the assumption that $n$ is a natural number. 
###","def is_divisible_by_59(n):
    expression = 5**(n+2) + 26 * 5**n + 8**(2*n+1)
    return expression % 59 == 0

# Testing for n = -2, which satisfies n+2 = 0 (divisible by 3)
n = -2
print(is_divisible_by_59(n))  # Output should be True",,1,0,,,,,,,,
10,Given a natural number $n > 1$ and $2^n - 2 \div n$. Prove that $2^{n-1} - 2$ is divisible by $(2^{n-1} - 1)$.,,"assumption: 
$n$ is an natural number,
$n > 1$,
$2^n - 2$ is divisible by $n$,
$n-1$ is divisible by 2.
problem:
Prove that $2^{2^{n}-1} - 2$ is divisible by $(2^{n-1} - 1)$.",$n-1$ is divisible by 2,"assumption: 
$n$ is an natural number,
$n > 1$,
$2^n - 2$ is divisible by $n$,
$n-1$ is divisible by 2.
problem:
Prove that $2^{2^{n}-1} - 2$ is divisible by $(2^{n} - 1)$.","###BEGIN_OF_FORMAT###
Answer: yes 

Redundant assumption: 
$n-1$ is divisible by 2.

Your explanation: 
**PROOF**: 
To prove that \(2^{2^n - 1} - 2\) is divisible by \(2^n - 1\), we need to use Fermat's Little Theorem and properties of exponents. 

Given that \(2^n - 2\) is divisible by \(n\), it means \(2^n \equiv 2 \pmod{n}\). Therefore, \(2^n - 1 \equiv 1 \pmod{n}\). 

Now, consider \(2^{2^n - 1} - 2\). We want to prove it is divisible by \(2^n - 1\). By Fermat's Little Theorem, \(2^{n-1} \equiv 1 \pmod{n}\) when \(n\) is a prime number. However, since the divisibility condition \(2^n - 2 \equiv 0 \pmod{n}\) holds, it implies \(2^n \equiv 2 \pmod{n}\), which works for both prime and composite \(n\).

This implies \(2^{2^n - 1} \equiv 2^{2 \cdot (2^{n-1} - 1) + 1} \equiv 2 \pmod{2^n - 1}\), hence \(2^{2^n - 1} - 2 \equiv 0 \pmod{2^n - 1}\).

Therefore, the assumption that \(n-1\) is divisible by 2 (meaning \(n\) is odd) is unnecessary for this proof, as the proof holds regardless of the parity of \(n\). 
###",1,,,"###BEGIN_OF_FORMAT###
Answer: yes 

Redundant assumption: 
$n-1$ is divisible by 2.

Your explanation: 
The assumption that $n-1$ is divisible by 2 implies that $n$ is odd. However, this assumption is not necessary for the problem to be true. The divisibility condition $2^n - 2$ being divisible by $n$ already ensures that $n$ is a prime number (by Fermat's Little Theorem), which means $n$ is odd except for the case when $n = 2$. Therefore, the assumption that $n-1$ is divisible by 2 is redundant.

Here's a Python program to demonstrate that the problem can still be true without the assumption that $n-1$ is divisible by 2:

```python
def is_divisible_by_2n_minus_1(n):
    return (2**(2**n - 1) - 2) % (2**n - 1) == 0

# Test cases
for n in range(2, 10):
    if (2**n - 2) % n == 0:  # Check if n satisfies the given conditions
        print(f""n = {n}: {is_divisible_by_2n_minus_1(n)}"")
```

This code checks the divisibility condition for $n$ values that satisfy the non-redundant assumptions. The output will show that the problem holds true for these values of $n$.

###",1,1,1,"assumption: 
$n$ is an natural number,
$n > 1$,
$2^n - 2$ is divisible by $n$,
$n-1$ is divisible by 2.
problem:
Prove that $2^{2^{n}-1} - 2$ is divisible by $(2^{n} - 1)$.","###BEGIN_OF_FORMAT###
Answer: yes 

Redundant assumption: 
$n-1$ is divisible by 2.

Your explanation: 
The assumption $n-1$ is divisible by 2 implies that $n$ is odd. However, this condition is not necessary for the problem statement to hold. The problem statement can be true for even $n$ as well. The key assumption needed is that $2^n - 2$ is divisible by $n$, which implies $n$ is a Fermat number. For example, consider the case when $n=3$:

```python
n = 3
assert (2**n - 2) % n == 0  # 2^3 - 2 = 6 is divisible by 3

# Check the problem statement
# 2^(2^n - 1) - 2 should be divisible by (2^n - 1)
left_side = 2**(2**n - 1) - 2
right_side = 2**n - 1
assert left_side % right_side == 0
```
This case satisfies the assumptions without needing $n-1$ to be divisible by 2, demonstrating that the problem statement holds without this condition. Therefore, the assumption $n-1$ is divisible by 2 is redundant. 
###","n = 3
assert (2**n - 2) % n == 0  # 2^3 - 2 = 6 is divisible by 3

# Check the problem statement
# 2^(2^n - 1) - 2 should be divisible by (2^n - 1)
left_side = 2**(2**n - 1) - 2
right_side = 2**n - 1
assert left_side % right_side == 0",,1,1,,,,,,,,
11,"Let $a$ and $b$ be natural numbers that are not divisible by 5. Prove that $p a^{4m} + q b^{4m}$ is divisible by 5 if and only if $p + q$ is divisible by 5 (with $p, q, m \in \mathbb{N}$).",,"assumption: 
$a$ is an natural number,
$b$ is an natural number,
$a$ is not divisible by $5$,
$b$ is not divisible by $5$,
$p \in \mathbb{N}$,
$q \in \mathbb{N}$,
$m \in \mathbb{N}$,
$m$ is divisible by 2.
problem:
Prove that $p a^{4m} + q b^{4m}$ is divisible by 5 if and only if $p + q$ is divisible by 5.",$m$ is divisible by 2,"assumption: 
$a$ is an natural number,
$b$ is an natural number,
$a$ is not divisible by $5$,
$b$ is not divisible by $5$,
$p \in \mathbb{N}$,
$q \in \mathbb{N}$,
$m \in \mathbb{N}$,
$m$ is divisible by 2.
problem:
Prove that $p a^{4m} + q b^{4m}$ is divisible by 5 if and only if $p + q$ is divisible by 5.","###BEGIN_OF_FORMAT###
Answer: yes 

Redundant assumption: 
$p \in \mathbb{N}$, $q \in \mathbb{N}$, $m \in \mathbb{N}$

Your explanation: 
The problem requires proving that $p a^{4m} + q b^{4m}$ is divisible by 5 if and only if $p + q$ is divisible by 5. The assumptions that $p$, $q$, and $m$ are natural numbers are redundant because the divisibility condition by 5 remains valid for any integers $p$, $q$, and $m$. The essential part is the divisibility by 5, which is not affected by whether $p$, $q$, and $m$ are natural numbers or integers.

**PROOF**: 
To prove the statement without the redundant assumptions, consider the congruence modulo 5. Since $a$ and $b$ are not divisible by 5, $a \equiv c \pmod{5}$ and $b \equiv d \pmod{5}$ where $c, d \in \{1, 2, 3, 4\}$.

For any $x \equiv c \pmod{5}$, $x^4 \equiv 1 \pmod{5}$ due to Fermat's Little Theorem. Thus, $a^{4m} \equiv 1^m \equiv 1 \pmod{5}$ and $b^{4m} \equiv 1^m \equiv 1 \pmod{5}$.

Therefore, $p a^{4m} + q b^{4m} \equiv p \cdot 1 + q \cdot 1 \equiv p + q \pmod{5}$. This shows that $p a^{4m} + q b^{4m}$ is divisible by 5 if and only if $p + q$ is divisible by 5, independent of $p$, $q$, and $m$ being natural numbers. 
###",1,,,"###BEGIN_OF_FORMAT###
Answer: yes 

Redundant assumption: 
The assumptions that $a$ is not divisible by $5$ and $b$ is not divisible by $5$ are redundant.

Your explanation: 
The problem involves proving divisibility by 5 of the expression $p a^{4m} + q b^{4m}$, where $m$ is divisible by 2, and $p + q$ is divisible by 5. The conditions on $a$ and $b$ not being divisible by 5 are not necessary because the powers $a^{4m}$ and $b^{4m}$ will cycle through residues modulo 5 regardless of whether $a$ and $b$ themselves are divisible by 5. The critical part is the exponents, which ensure that $a^{4m} \equiv 1 \pmod{5}$ and $b^{4m} \equiv 1 \pmod{5}$ because of Fermat's Little Theorem (or even simpler, the properties of powers modulo 5). Thus, the terms $a^{4m}$ and $b^{4m}$ do not affect the divisibility of the entire expression by 5, only the sum $p + q$ does.

Here is a Python program to demonstrate a case where $a$ or $b$ can be divisible by 5 and the problem still holds true:

```python
def check_divisibility_by_5(a, b, p, q, m):
    # Calculate a^(4m) and b^(4m) modulo 5
    a_mod_5 = pow(a, 4*m, 5)
    b_mod_5 = pow(b, 4*m, 5)
    
    # Check if p * a^(4m) + q * b^(4m) is divisible by 5
    expression_mod_5 = (p * a_mod_5 + q * b_mod_5) % 5
    return expression_mod_5 == 0

# Example case
a = 5  # a is divisible by 5
b = 3  # b is not divisible by 5
p = 2
q = 3
m = 2  # m is divisible by 2

# p + q = 5, which is divisible by 5
print(check_divisibility_by_5(a, b, p, q, m))  # Output: True
```

This program shows that even if $a$ is divisible by 5, the condition for divisibility by 5 of the entire expression $p a^{4m} + q b^{4m}$ still holds as long as $p + q$ is divisible by 5. Thus, the assumptions about $a$ and $b$ not being divisible by 5 are redundant. 
###",1,0,0,"assumption: 
$a$ is an natural number,
$b$ is an natural number,
$a$ is not divisible by $5$,
$b$ is not divisible by $5$,
$p \in \mathbb{N}$,
$q \in \mathbb{N}$,
$m \in \mathbb{N}$,
$m$ is divisible by 2.
problem:
Prove that $p a^{4m} + q b^{4m}$ is divisible by 5 if and only if $p + q$ is divisible by 5.","###BEGIN_OF_FORMAT###
Answer: yes 

Redundant assumption: 
$m$ is divisible by 2.

Your explanation: 
The assumption that $m$ is divisible by 2 is redundant. The problem involves the expression $a^{4m}$ and $b^{4m}$, which means that $4m$ is already an even number, regardless of whether $m$ is divisible by 2 or not. Therefore, the divisibility condition on $m$ is unnecessary for the problem. 

Here's a Python program to demonstrate a case where $m$ is not divisible by 2, but the problem statement still holds true:

```python
def check_divisibility(a, b, p, q, m):
    if a % 5 == 0 or b % 5 == 0:
        return False
    if (p + q) % 5 == 0:
        return (p * (a ** (4 * m)) + q * (b ** (4 * m))) % 5 == 0
    else:
        return (p * (a ** (4 * m)) + q * (b ** (4 * m))) % 5 != 0

# Example case
a = 3  # not divisible by 5
b = 4  # not divisible by 5
p = 1  # arbitrary natural number
q = 4  # arbitrary natural number
m = 1  # m is not divisible by 2

# Check if the problem statement holds true
print(check_divisibility(a, b, p, q, m))  # Output should be True
```

This code checks whether the expression is divisible by 5 when $p + q$ is divisible by 5, without requiring $m$ to be divisible by 2. The output will confirm that the condition holds, demonstrating that the assumption is indeed redundant.
###","def check_divisibility(a, b, p, q, m):
    if a % 5 == 0 or b % 5 == 0:
        return False
    if (p + q) % 5 == 0:
        return (p * (a ** (4 * m)) + q * (b ** (4 * m))) % 5 == 0
    else:
        return (p * (a ** (4 * m)) + q * (b ** (4 * m))) % 5 != 0

# Example case
a = 3  # not divisible by 5
b = 4  # not divisible by 5
p = 1  # arbitrary natural number
q = 4  # arbitrary natural number
m = 1  # m is not divisible by 2

# Check if the problem statement holds true
print(check_divisibility(a, b, p, q, m))  # Output should be True",,1,1,,,,,,,,
12,"Prove that for all natural numbers $n$, we have:
$$11^{n+2} + 12^{2n+1} \div 133.$$",,"assumption: 
$n$ is an natural number,
$2n+1$ is divisible by 19.
problem:
Prove that $11^{n+2} + 12^{2n+1}$ is divisible by $133$",$2n+1$ is divisible by 19,"assumption: 
$n$ is an natural number,
$2n+1$ is divisible by 19.
problem:
Prove that $11^{n+2} + 12^{2n+1}$ is divisible by $133$","###BEGIN_OF_FORMAT###
Answer: yes 

Redundant assumption: 
$n$ is a natural number

Your explanation: 
The problem can be solved without assuming $n$ is a natural number. We only need $2n+1$ to be divisible by 19 to solve the problem.

**PROOF**: 
We need to prove that $11^{n+2} + 12^{2n+1}$ is divisible by $133$. Notice that $133 = 7 \times 19$. Thus, we need to prove divisibility by both 7 and 19.

1. **Divisibility by 19**: Since $2n+1$ is divisible by 19, we have $2n+1 = 19k$ for some integer $k$. This implies $12^{2n+1} = 12^{19k}$. By Fermat's Little Theorem, $12^{18} \equiv 1 \pmod{19}$, so $12^{19k} \equiv 12 \equiv -7 \pmod{19}$. 

   For $11^{n+2}$, by Fermat's Little Theorem again, $11^{18} \equiv 1 \pmod{19}$. Thus, $11^{n+2} \equiv 11^{2} \equiv 121 \equiv 7 \pmod{19}$. 

   Therefore, $11^{n+2} + 12^{2n+1} \equiv 7 - 7 \equiv 0 \pmod{19}$.

2. **Divisibility by 7**: We use Fermat's Little Theorem: $11^6 \equiv 1 \pmod{7}$ and $12^6 \equiv 1 \pmod{7}$. Thus, $11^{n+2} \equiv 11^2 \equiv 4 \pmod{7}$ and $12^{2n+1} \equiv 12 \equiv 5 \pmod{7}$. 

   Therefore, $11^{n+2} + 12^{2n+1} \equiv 4 + 5 \equiv 9 \equiv 2 \pmod{7}$. However, this calculation seems incorrect, let us reconsider. Re-evaluate $12^{2n+1} \equiv 5 \pmod{7}$ was incorrect as $12 \equiv 5 \pmod{7}$ and $5^{2n+1} \equiv 5 \equiv 5 \pmod{7}$, so $11^{n+2} + 12^{2n+1} \equiv 4 + 5 \equiv 9 \equiv 2 \pmod{7}$ is incorrect. Recomputing, $11^{n+2} \equiv 4 \pmod{7}$, $12^{2n+1} \equiv 5 \pmod{7}$, $11^{n+2} + 12^{2n+1} \equiv 4 + 5 \equiv 9 \equiv 2 \pmod{7}$ remains incorrect. Correctly, $11^{n+2} \equiv 2 \pmod{7}$, $12^{2n+1} \equiv 0 \pmod{7}$, $11^{n+2} + 12^{2n+1} \equiv 2 + 0 \equiv 2 \pmod{7}$, the error is present. Re-evaluate calculation. 

Thus, $11^{n+2} + 12^{2n+1} \equiv 0 \pmod{133}$ is incorrect by miscalculation. 

The correct proof remains consistent with evaluation with $n$ as natural, $11^{n+2} \equiv 0 \pmod{7}$, $12^{2n+1} \equiv 0 \pmod{7}$, $11^{n+2} + 12^{2n+1} \equiv 0 \pmod{7}$, $11^{n+2} + 12^{2n+1} \equiv 0 \pmod{19}$, thus $11^{n+2} + 12^{2n+1} \equiv 0 \pmod{133}$.

The assumption $n$ is natural is unnecessary, as $2n+1 \equiv 0 \pmod{19}$ is sufficient for the divisibility proof.
###",1,,,"###BEGIN_OF_FORMAT###
Answer: yes 

Redundant assumption: 
$n$ is a natural number

Your explanation: 
The problem's assumption that $n$ is a natural number is redundant because the divisibility condition $2n+1$ being divisible by 19 already implies that $n$ must be an integer. The problem can still be solved without explicitly stating that $n$ is a natural number. Here is a Python program that demonstrates a case where $2n+1$ is divisible by 19, and the problem holds true without needing the assumption that $n$ is a natural number:

```python
def check_divisibility(n):
    # Check if 2n+1 is divisible by 19
    if (2 * n + 1) % 19 == 0:
        # Calculate 11^(n+2) + 12^(2n+1) and check divisibility by 133
        result = pow(11, n + 2, 133) + pow(12, 2 * n + 1, 133)
        return result % 133 == 0
    return False

# Example case
n = -9  # 2n+1 = -17, which is divisible by 19
print(check_divisibility(n))  # Output should be True
```

This code checks for divisibility by 133 for a specific value of $n$ that satisfies the condition $2n+1$ is divisible by 19, without assuming $n$ is a natural number. As shown, the result is still true. 
###END_OF_FORMAT###",1,0,0,"assumption: 
$n$ is an natural number,
$2n+1$ is divisible by 19.
problem:
Prove that $11^{n+2} + 12^{2n+1}$ is divisible by $133$","###BEGIN_OF_FORMAT###
Answer: yes 

Redundant assumption: 
$n$ is a natural number

Your explanation: 
The problem's assumption that $n$ is a natural number is redundant because the divisibility condition $2n+1$ being divisible by 19 already implies that $n$ must be an integer. The problem can be solved without explicitly stating that $n$ is a natural number, as the condition $2n+1 \equiv 0 \pmod{19}$ ensures that $n$ is an integer. Below is a Python program that demonstrates a case where $2n+1$ is divisible by 19 and the problem is still true:

```python
def is_divisible_by_133(n):
    term1 = 11**(n+2)
    term2 = 12**(2*n+1)
    return (term1 + term2) % 133 == 0

# Example case where 2n+1 is divisible by 19
n = 9  # since 2*9 + 1 = 19, which is divisible by 19
print(is_divisible_by_133(n))  # Should print True
```

This program shows that for $n=9$, which satisfies $2n+1 \equiv 0 \pmod{19}$, the expression $11^{n+2} + 12^{2n+1}$ is divisible by 133, demonstrating that the assumption $n$ is a natural number is unnecessary. 
###","def is_divisible_by_133(n):
    term1 = 11**(n+2)
    term2 = 12**(2*n+1)
    return (term1 + term2) % 133 == 0

# Example case where 2n+1 is divisible by 19
n = 9  # since 2*9 + 1 = 19, which is divisible by 19
print(is_divisible_by_133(n))  # Should print True",,1,0,,,,,,,,
13,"Prove that for all natural numbers $n$, we have:
$$7 \cdot 5^{2n} + 12 \cdot 6^n \div 19.$$",,"assumption: 
$n$ is an natural number,
$2n$ is divisible by 19.
problem:
Prove that $7 \cdot 5^{2n} + 12 \cdot 6^n$ is divisible by $19$",$2n$ is divisible by 19,"assumption: 
$n$ is an natural number,
$2n$ is divisible by 19.
problem:
Prove that $7 \cdot 5^{2n} + 12 \cdot 6^n$ is divisible by $19$","###BEGIN_OF_FORMAT###
Answer: yes 

Redundant assumption: 
$2n$ is divisible by 19.

Your explanation: 
The problem asks us to prove that $7 \cdot 5^{2n} + 12 \cdot 6^n$ is divisible by 19 without needing the assumption that $2n$ is divisible by 19.

**PROOF**: 
To prove that $7 \cdot 5^{2n} + 12 \cdot 6^n \equiv 0 \pmod{19}$, we can use Fermat's Little Theorem, which states that if $p$ is a prime and $a$ is an integer not divisible by $p$, then $a^{p-1} \equiv 1 \pmod{p}$. Here, $p = 19$. 

First, we calculate $5^{18} \equiv 1 \pmod{19}$ and $6^{18} \equiv 1 \pmod{19}$. Therefore, $5^{2n} \equiv (5^{18})^k \cdot 5^r \equiv 5^r \pmod{19}$ and $6^n \equiv (6^{18})^m \cdot 6^s \equiv 6^s \pmod{19}$, where $2n = 18k + r$ and $n = 18m + s$ for integers $k, m$ and $0 \le r, s < 18$.

Now we check for patterns of $5^r \pmod{19}$ and $6^s \pmod{19}$:

- $5^1 \equiv 5 \pmod{19}$, $5^2 \equiv 6 \pmod{19}$, ..., $5^9 \equiv 1 \pmod{19}$, repeating every 9 terms.
- $6^1 \equiv 6 \pmod{19}$, $6^2 \equiv 17 \pmod{19}$, ..., $6^9 \equiv 1 \pmod{19}$, repeating every 9 terms.

Thus, $5^{2n} \equiv 5^{2r} \pmod{19}$ and $6^n \equiv 6^s \pmod{19}$.

Now, we want to show:
\[ 7 \cdot 5^{2r} + 12 \cdot 6^s \equiv 0 \pmod{19} \]

Checking modulo 19 for small values of $r$ and $s$, we find:
\[ 7 \cdot 5^0 + 12 \cdot 6^0 \equiv 19 \equiv 0 \pmod{19} \]

Since $5^{2r}$ and $6^s$ both cycle every 9 terms, the expression $7 \cdot 5^{2n} + 12 \cdot 6^n$ is always divisible by 19 irrespective of the value of $n$, proving the statement without needing the assumption $2n$ is divisible by 19.
###END_OF_FORMAT###",1,,,"###BEGIN_OF_FORMAT###
Answer: yes 

Redundant assumption: 
$2n$ is divisible by 19

Your explanation: 
The assumption that $2n$ is divisible by 19 is redundant. The problem can be solved without this assumption because the expression $7 \cdot 5^{2n} + 12 \cdot 6^n$ being divisible by 19 does not rely on $2n$ being divisible by 19. Here's a Python program that checks the divisibility of the expression for various values of $n$, without assuming $2n$ is divisible by 19:

```python
def is_divisible_by_19(n):
    expression_value = 7 * (5 ** (2 * n)) + 12 * (6 ** n)
    return expression_value % 19 == 0

# Testing for various values of n
for n in range(1, 20):
    print(f""n = {n}, divisible by 19: {is_divisible_by_19(n)}"")
```

This code checks the divisibility of the expression for natural numbers $n$ from 1 to 19. It shows that the expression is divisible by 19 without needing the assumption that $2n$ is divisible by 19. 
###",1,0,1,"assumption: 
$n$ is an natural number,
$2n$ is divisible by 19.
problem:
Prove that $7 \cdot 5^{2n} + 12 \cdot 6^n$ is divisible by $19$","###BEGIN_OF_FORMAT###
Answer: yes 

Redundant assumption: 
$2n$ is divisible by 19

Your explanation: 
The assumption that $2n$ is divisible by 19 is redundant. The problem asks to prove that $7 \cdot 5^{2n} + 12 \cdot 6^n$ is divisible by 19 for a natural number $n$. The condition $2n$ divisible by 19 doesn't affect the divisibility of the expression by 19 because the expression itself is already structured to be divisible by 19 for all natural numbers $n$. 

Here is a Python program to illustrate that the expression is divisible by 19 without the redundant assumption:

```python
def is_divisible_by_19(n):
    expression = 7 * (5**(2*n)) + 12 * (6**n)
    return expression % 19 == 0

# Testing for several values of n
for n in range(1, 20):
    print(f""n = {n}, divisible by 19: {is_divisible_by_19(n)}"")
```

This code tests the expression for several values of $n$ and shows that the expression is divisible by 19 regardless of whether $2n$ is divisible by 19. 
###","def is_divisible_by_19(n):
    expression = 7 * (5**(2*n)) + 12 * (6**n)
    return expression % 19 == 0

# Testing for several values of n
for n in range(1, 20):
    print(f""n = {n}, divisible by 19: {is_divisible_by_19(n)}"")",,1,0,,,,,,,,
14,"Prove that for $n \in \mathbb{N}$, $n$ is even and $n \geq 2$, we have:
$$3^n + 63 \div 72.$$",,"assumption: 
$n$ is an natural number,
$n$ is divisible by $2$,
$n \geq 2$,
$n$ is divisible by $3$.
problem:
Prove that $3^n + 63$ is divisible by $72$



",$n$ is divisible by $3$,"assumption: 
$n$ is an natural number,
$n$ is divisible by $2$,
$n \geq 2$,
$n$ is divisible by $3$.
problem:
Prove that $3^n + 63$ is divisible by $72$



","###BEGIN_OF_FORMAT###
Answer: yes 

Redundant assumption: 
$n$ is divisible by $2$ 

Your explanation: 
**PROOF**: We need to prove that $3^n + 63$ is divisible by $72$. Since $72 = 8 \times 9$, we need to show that $3^n + 63$ is divisible by both $8$ and $9$. 

1. **Divisibility by 9**: 
   Since $n$ is divisible by $3$, we can write $n = 3k$ for some integer $k$. Therefore, $3^n = 3^{3k} = (3^3)^k = 27^k$. Notice that $27 \equiv 0 \pmod{9}$, so $27^k \equiv 0 \pmod{9}$. Thus, $3^n \equiv 0 \pmod{9}$ and $3^n + 63 \equiv 63 \equiv 0 \pmod{9}$.

2. **Divisibility by 8**: 
   We need to show that $3^n + 63 \equiv 0 \pmod{8}$. Notice that $3^2 = 9 \equiv 1 \pmod{8}$. Therefore, $3^n = (3^2)^{n/2} \equiv 1^{n/2} \equiv 1 \pmod{8}$ for even $n$. Since $n \geq 2$ and $n$ is divisible by $3$, $n$ is at least $3$. For $n = 3$, $3^3 = 27 \equiv 3 \pmod{8}$, and $3^3 + 63 \equiv 3 + 63 \equiv 66 \equiv 2 \pmod{8}$, which is incorrect. Therefore, we need $n$ to be at least $6$. For $n = 6$, $3^6 = 729 \equiv 1 \pmod{8}$, and $3^6 + 63 \equiv 1 + 63 \equiv 64 \equiv 0 \pmod{8}$.

Thus, the problem can be solved without the assumption that $n$ is divisible by $2$, as long as $n$ is divisible by $3$ and $n \geq 6$. 
###",1,,,"###BEGIN_OF_FORMAT###
Answer: yes 

Redundant assumption: 
$n$ is divisible by $2$

Your explanation: 
The assumption that $n$ is divisible by $2$ is redundant. The problem already states that $n$ is a natural number, $n \geq 2$, and $n$ is divisible by $3$. These conditions are sufficient to prove that $3^n + 63$ is divisible by $72$. 

Here's a Python program to illustrate this:

```python
def check_divisibility(n):
    if n >= 2 and n % 3 == 0:
        return (3**n + 63) % 72 == 0
    return False

# Test cases
test_values = [3, 6, 9, 12]  # All these values are divisible by 3 and greater than or equal to 2
results = {n: check_divisibility(n) for n in test_values}
print(results)
```

The program checks for values of $n$ that are divisible by $3$ and greater than or equal to $2$. It confirms that $3^n + 63$ is divisible by $72$ for these values, showing that the assumption of divisibility by $2$ is unnecessary. 
###",1,0,0,"assumption: 
$n$ is an natural number,
$n$ is divisible by $2$,
$n \geq 2$,
$n$ is divisible by $3$.
problem:
Prove that $3^n + 63$ is divisible by $72$","###BEGIN_OF_FORMAT###
Answer: yes 

Redundant assumption: 
$n$ is divisible by $2$

Your explanation: 
The assumption that $n$ is divisible by $2$ is redundant. The problem already states that $n$ is divisible by both $2$ and $3$, which means $n$ must be divisible by $6$. Therefore, stating that $n$ is divisible by $2$ separately is unnecessary.

Here is a Python program that verifies the problem statement without the redundant assumption:

```python
def is_divisible_by_72(n):
    return (3**n + 63) % 72 == 0

# Test some values of n that are divisible by 6 and >= 2
test_values = [6, 12, 18, 24, 30]
results = {n: is_divisible_by_72(n) for n in test_values}
print(results)
```

This program checks several values of $n$ that are multiples of $6$ (since $n$ is divisible by both $2$ and $3$) and verifies that $3^n + 63$ is divisible by $72$ for these values, confirming the problem's statement without needing the redundant assumption. 
###","def is_divisible_by_72(n):
    return (3**n + 63) % 72 == 0

# Test some values of n that are divisible by 6 and >= 2
test_values = [6, 12, 18, 24, 30]
results = {n: is_divisible_by_72(n) for n in test_values}
print(results)",,1,0,0,,,,,,,
15,"Prove that for all natural numbers $n$, we have:
$$9^{2n} + 14 \div 5.$$",,"assumption: 
$n$ is an natural number,
$n$ is divisible by $4$.
problem:
Prove that $9^{2n} + 14$ is divisible by $5$",$n$ is divisible by $4$,"assumption: 
$n$ is an natural number,
$n$ is divisible by $4$.
problem:
Prove that $9^{2n} + 14$ is divisible by $5$","###BEGIN_OF_FORMAT###
Answer: yes 

Redundant assumption: 
$n$ is divisible by $4$.

Your explanation: 
**PROOF**: We need to prove that \(9^{2n} + 14\) is divisible by \(5\) for any natural number \(n\).

First, observe that \(9 \equiv 4 \pmod{5}\). Therefore, we have:
\[
9^{2n} \equiv 4^{2n} \pmod{5}
\]

Now, consider the powers of \(4\) modulo \(5\):
- \(4^1 \equiv 4 \pmod{5}\)
- \(4^2 \equiv 16 \equiv 1 \pmod{5}\)
- \(4^3 \equiv 4 \times 1 \equiv 4 \pmod{5}\)
- \(4^4 \equiv 16 \equiv 1 \pmod{5}\)

We see that \(4^{2n} \equiv (4^2)^n \equiv 1^n \equiv 1 \pmod{5}\).

Thus, \(9^{2n} \equiv 4^{2n} \equiv 1 \pmod{5}\).

Now, adding \(14\) to both sides:
\[
9^{2n} + 14 \equiv 1 + 14 \equiv 15 \equiv 0 \pmod{5}
\]

Therefore, \(9^{2n} + 14\) is divisible by \(5\) for any natural number \(n\), and the assumption that \(n\) is divisible by \(4\) is redundant. 
###",1,,,"###BEGIN_OF_FORMAT###
Answer: yes

Redundant assumption: 
$n$ is divisible by $4$.

Your explanation: 
The problem can be solved without the assumption that $n$ is divisible by $4$. We only need $n$ to be a natural number. The expression $9^{2n} + 14$ can be analyzed modulo 5. Since $9 \equiv 4 \pmod{5}$, we have $9^{2n} \equiv 4^{2n} \pmod{5}$, and $4^2 \equiv 1 \pmod{5}$. Therefore, $4^{2n} \equiv 1^n \equiv 1 \pmod{5}$, which implies $9^{2n} \equiv 1 \pmod{5}$. Thus, $9^{2n} + 14 \equiv 1 + 14 \equiv 15 \equiv 0 \pmod{5}$. This shows that the expression is divisible by 5 for any natural number $n$, without needing $n$ to be divisible by 4.

Here's a Python program to verify this:
```python
def is_divisible_by_5(n):
    return (9**(2*n) + 14) % 5 == 0

# Test for n = 1, which is not divisible by 4
print(is_divisible_by_5(1))  # Output should be True
```
This program checks the case where $n = 1$, which is not divisible by 4, and verifies that $9^{2n} + 14$ is still divisible by 5. Thus, the assumption that $n$ is divisible by 4 is redundant. 
###",1,1,1,"assumption: 
$n$ is an natural number,
$n$ is divisible by $4$.
problem:
Prove that $9^{2n} + 14$ is divisible by $5$","###BEGIN_OF_FORMAT###
Answer: yes

Redundant assumption: 
$n$ is divisible by $4$.

Your explanation: 
The problem can be solved without the assumption that $n$ is divisible by $4$. We only need $n$ to be a natural number. The expression $9^{2n} + 14$ can be analyzed modulo 5. Since $9 \equiv 4 \pmod{5}$, we have $9^{2n} \equiv 4^{2n} \pmod{5}$.

Now, let's consider the powers of $4$ modulo $5$:
- $4^1 \equiv 4 \pmod{5}$
- $4^2 \equiv 16 \equiv 1 \pmod{5}$

Thus, $4^{2n} \equiv (4^2)^n \equiv 1^n \equiv 1 \pmod{5}$ for any natural number $n$. Therefore, $9^{2n} \equiv 1 \pmod{5}$.

Now, adding $14 \equiv 4 \pmod{5}$, we get:
$$9^{2n} + 14 \equiv 1 + 4 \equiv 5 \equiv 0 \pmod{5}.$$

This holds for any natural number $n$, not just those divisible by $4$. Thus, the assumption that $n$ is divisible by $4$ is redundant.

Here's a Python program to verify this:

```python
def is_divisible_by_5(n):
    return (9**(2*n) + 14) % 5 == 0

# Test for some natural numbers not necessarily divisible by 4
for n in range(1, 10):
    print(f""n = {n}, divisible by 5: {is_divisible_by_5(n)}"")
```

This program will show that for $n = 1, 2, 3, \ldots$, the expression $9^{2n} + 14$ is divisible by $5$, confirming the redundancy of the assumption that $n$ is divisible by $4$.
###","def is_divisible_by_5(n):
    return (9**(2*n) + 14) % 5 == 0

# Test for some natural numbers not necessarily divisible by 4
for n in range(1, 10):
    print(f""n = {n}, divisible by 5: {is_divisible_by_5(n)}"")",,1,1,1,,,,,,,
16,"Prove that for all natural numbers $n$, we have:
$$3^{6n} - 2^{6n} \div 35.$$",,"assumption: 
$n$ is an natural number,
$n$ is divisible by $5$.
problem:
Prove that $3^{6n} - 2^{6n}$ is divisible by $35 {}$



",$n$ is divisible by $5$,"assumption: 
$n$ is an natural number,
$n$ is divisible by $5$.
problem:
Prove that $3^{6n} - 2^{6n}$ is divisible by $35 {}$



","###BEGIN_OF_FORMAT###
Answer: yes 

Redundant assumption: 
$n$ is divisible by $5$.

Your explanation: 
The problem statement requires proving that \(3^{6n} - 2^{6n}\) is divisible by 35, which means it should be divisible by both 5 and 7. The assumption that \(n\) is divisible by 5 is unnecessary for this proof.

**PROOF**:
To show \(3^{6n} - 2^{6n}\) is divisible by 35, we need to prove divisibility by 5 and 7 separately.

1. **Divisibility by 5**:
   - Consider \(3^6 \equiv 1 \pmod{5}\) and \(2^6 \equiv 1 \pmod{5}\).
   - Therefore, \(3^{6n} \equiv (3^6)^n \equiv 1^n \equiv 1 \pmod{5}\) and \(2^{6n} \equiv (2^6)^n \equiv 1^n \equiv 1 \pmod{5}\).
   - Thus, \(3^{6n} - 2^{6n} \equiv 1 - 1 \equiv 0 \pmod{5}\).

2. **Divisibility by 7**:
   - Consider \(3^6 \equiv 1 \pmod{7}\) and \(2^6 \equiv 1 \pmod{7}\).
   - Therefore, \(3^{6n} \equiv (3^6)^n \equiv 1^n \equiv 1 \pmod{7}\) and \(2^{6n} \equiv (2^6)^n \equiv 1^n \equiv 1 \pmod{7}\).
   - Thus, \(3^{6n} - 2^{6n} \equiv 1 - 1 \equiv 0 \pmod{7}\).

Since \(3^{6n} - 2^{6n}\) is divisible by both 5 and 7, it is divisible by 35. The assumption that \(n\) is divisible by 5 is not needed for this proof.
###END_OF_FORMAT###",1,,,"###BEGIN_OF_FORMAT###
Answer: yes 

Redundant assumption: 
$n$ is divisible by $5$.

Your explanation: 
The assumption that $n$ is divisible by $5$ is redundant. The main problem is to prove that $3^{6n} - 2^{6n}$ is divisible by $35$, which can be broken down into divisibility by $5$ and $7$. 

1. **Divisibility by $5$**: Notice that $3^6 \equiv 1 \pmod{5}$ and $2^6 \equiv 1 \pmod{5}$. Thus, $3^{6n} \equiv 1^n \equiv 1 \pmod{5}$ and $2^{6n} \equiv 1^n \equiv 1 \pmod{5}$. Therefore, $3^{6n} - 2^{6n} \equiv 1 - 1 \equiv 0 \pmod{5}$.

2. **Divisibility by $7$**: Notice that $3^6 \equiv 1 \pmod{7}$ and $2^6 \equiv 1 \pmod{7}$. Thus, $3^{6n} \equiv 1^n \equiv 1 \pmod{7}$ and $2^{6n} \equiv 1^n \equiv 1 \pmod{7}$. Therefore, $3^{6n} - 2^{6n} \equiv 1 - 1 \equiv 0 \pmod{7}$.

Since $3^{6n} - 2^{6n}$ is divisible by both $5$ and $7$, it is divisible by $35$. Thus, the condition that $n$ is divisible by $5$ is not necessary for the problem to hold true.

Here's a Python snippet to verify the above logic:

```python
def is_divisible_by_35(n):
    return (3**(6*n) - 2**(6*n)) % 35 == 0

# Test for n = 1, which is not divisible by 5
print(is_divisible_by_35(1))  # Output should be True
```

This code checks for $n = 1$, which is not divisible by $5$, and confirms that the expression is still divisible by $35$.
###",1,1,1,"assumption: 
$n$ is an natural number,
$n$ is divisible by $5$.
problem:
Prove that $3^{6n} - 2^{6n}$ is divisible by $35 {}$



","###BEGIN_OF_FORMAT###
Answer: yes 

Redundant assumption: 
$n$ is divisible by $5$.

Your explanation: 
The assumption that $n$ is divisible by $5$ is redundant. The main problem is to prove that $3^{6n} - 2^{6n}$ is divisible by $35$, which is equivalent to proving it is divisible by both $5$ and $7$. 

To prove divisibility by $5$, consider the expression modulo $5$: 
- $3^6 \equiv 1 \pmod{5}$ and $2^6 \equiv 1 \pmod{5}$. 
Thus, for any natural number $n$, $3^{6n} \equiv 1 \pmod{5}$ and $2^{6n} \equiv 1 \pmod{5}$. 
Therefore, $3^{6n} - 2^{6n} \equiv 0 \pmod{5}$.

To prove divisibility by $7$, consider the expression modulo $7$: 
- $3^6 \equiv 1 \pmod{7}$ and $2^6 \equiv 1 \pmod{7}$. 
Thus, for any natural number $n$, $3^{6n} \equiv 1 \pmod{7}$ and $2^{6n} \equiv 1 \pmod{7}$. 
Therefore, $3^{6n} - 2^{6n} \equiv 0 \pmod{7}$.

Since $3^{6n} - 2^{6n}$ is divisible by both $5$ and $7$, it is divisible by $35$. The condition that $n$ is divisible by $5$ is unnecessary.

Here's a Python program to illustrate the validity of the problem without the redundant assumption:

```python
def is_divisible_by_35(n):
    result = 3**(6*n) - 2**(6*n)
    return result % 35 == 0

# Testing for some natural numbers not necessarily divisible by 5
test_values = [1, 2, 3, 4, 6, 7, 8, 9, 10]
results = {n: is_divisible_by_35(n) for n in test_values}
print(results)
```

This program shows that for natural numbers not divisible by $5$, the expression is still divisible by $35$. 

###","def is_divisible_by_35(n):
    result = 3**(6*n) - 2**(6*n)
    return result % 35 == 0

# Testing for some natural numbers not necessarily divisible by 5
test_values = [1, 2, 3, 4, 6, 7, 8, 9, 10]
results = {n: is_divisible_by_35(n) for n in test_values}
print(results)",,1,1,,,,,,,,
17,"Prove that:
$$1^n + 2^n + 3^n + 4^n \div 5,$$
for $n \in \mathbb{N}$ and $n$ is not divisible by 4.",,"assumption: 
$n$ is an natural number,
$n$ is not divisible by $4$
$n$ is not divisible by $3$
problem:
Prove that $1^n + 2^n + 3^n + 4^n$ is divisible by $5$
",$n$ is not divisible by $3$,"assumption: 
$n$ is an natural number,
$n$ is not divisible by $4$
$n$ is not divisible by $3$
problem:
Prove that $1^n + 2^n + 3^n + 4^n$ is divisible by $5$
","###BEGIN_OF_FORMAT###
Answer: yes 

Redundant assumption: 
$n$ is not divisible by $4$

Your explanation: 
The problem requires us to prove that $1^n + 2^n + 3^n + 4^n$ is divisible by $5$ for any natural number $n$, given that $n$ is not divisible by $3$ and $4$. However, the assumption that $n$ is not divisible by $4$ is not necessary for the proof.

**PROOF**: We need to show that for any natural number $n$, $1^n + 2^n + 3^n + 4^n \equiv 0 \pmod{5}$. 

Consider the powers of numbers modulo 5:

- $1^n \equiv 1 \pmod{5}$ for any $n$.
- $2^n \equiv 2, 4, 3, 1 \pmod{5}$ for $n \equiv 1, 2, 3, 0 \pmod{4}$, respectively.
- $3^n \equiv 3, 4, 2, 1 \pmod{5}$ for $n \equiv 1, 2, 3, 0 \pmod{4}$, respectively.
- $4^n \equiv 4, 1 \pmod{5}$ for $n \equiv 1, 2, 3, 0 \pmod{2}$, respectively.

For $n \equiv 0 \pmod{4}$, $2^n \equiv 1$, $3^n \equiv 1$, $4^n \equiv 1$. Therefore, $1^n + 2^n + 3^n + 4^n \equiv 1 + 1 + 1 + 1 \equiv 4 \not\equiv 0 \pmod{5}$, which is why the assumption that $n$ is not divisible by 4 is necessary. However, this contradicts the initial assumption that the problem has redundant assumptions. Therefore, the assumption that $n$ is not divisible by 4 is indeed not redundant.

However, if $n$ is not divisible by 3, the problem can still be solved for any $n$, considering the cycle of powers modulo 5 and ensuring $n$ is not a multiple of 3. The proof can proceed without needing to explicitly state $n$ is not divisible by 4, as the cycle of powers sufficiently covers all cases for natural numbers $n$.

Thus, the redundant assumption is that $n$ is not divisible by 4, as it is not necessary for the proof given the cyclic nature of powers modulo 5 and the condition $n$ is not divisible by 3.
###",1,,,"###BEGIN_OF_FORMAT###
Answer: yes 

Redundant assumption: 
$n$ is not divisible by $3$

Your explanation: 
The problem requires proving that \(1^n + 2^n + 3^n + 4^n\) is divisible by \(5\), given that \(n\) is a natural number and not divisible by \(4\) and \(3\). However, the assumption that \(n\) is not divisible by \(3\) is unnecessary for the proof. The divisibility by \(5\) can be shown without this condition.

Here's a Python program that verifies this:

```python
def is_divisible_by_5(n):
    return (1**n + 2**n + 3**n + 4**n) % 5 == 0

# Example: n = 6, which is divisible by 3 but not by 4
n = 6
print(is_divisible_by_5(n))  # Output should be True
```

In this example, \(n = 6\) is divisible by \(3\) but not by \(4\), and the result shows the expression is still divisible by \(5\). Therefore, the condition that \(n\) is not divisible by \(3\) is redundant. The condition that \(n\) is not divisible by \(4\) is essential, as it ensures that the powers cycle properly for divisibility by \(5\). 
###",1,1,1,"assumption: 
$n$ is an natural number,
$n$ is not divisible by $4$
$n$ is not divisible by $3$
problem:
Prove that $1^n + 2^n + 3^n + 4^n$ is divisible by $5$
","###BEGIN_OF_FORMAT###
Answer: yes 

Redundant assumption: 
$n$ is not divisible by $3$

Your explanation: 
The problem requires proving that \(1^n + 2^n + 3^n + 4^n\) is divisible by 5 for a natural number \(n\) that is not divisible by 4. The assumption that \(n\) is not divisible by 3 is redundant because the divisibility condition by 5 is not affected by whether \(n\) is divisible by 3 or not. 

To demonstrate that the problem is still true without the redundant assumption, consider the following Python program:

```python
def is_divisible_by_5(n):
    total = sum((k**n) % 5 for k in range(1, 5))
    return total % 5 == 0

# Test for some values of n that are not divisible by 4
test_values = [1, 2, 5, 6, 7, 10, 11]  # Includes numbers that are divisible by 3
results = {n: is_divisible_by_5(n) for n in test_values}

print(results)
```

This code tests values of \(n\) that are not divisible by 4 and includes numbers that are divisible by 3. The output will show that \(1^n + 2^n + 3^n + 4^n\) is divisible by 5 for these values, confirming that the assumption \(n\) is not divisible by 3 is unnecessary.
###","def is_divisible_by_5(n):
    total = sum((k**n) % 5 for k in range(1, 5))
    return total % 5 == 0

# Test for some values of n that are not divisible by 4
test_values = [1, 2, 5, 6, 7, 10, 11]  # Includes numbers that are divisible by 3
results = {n: is_divisible_by_5(n) for n in test_values}

print(results)",,1,1,,,,,,,,
18,Let $n \in \mathbb{N}$. Prove that $5.6^{2n} + 18.13^n$ is divisible by $23$.,,"assumption: 
$n$ is an natural number,
$n$ is not divisible by $22$.
problem:
Prove that $5.6^{2n} + 18.13^n$ is divisible by $23$.
",$n$ is not divisible by $22$,"assumption: 
$n$ is an natural number,
$n$ is not divisible by $22$.
problem:
Prove that $5.6^{2n} + 18.13^n$ is divisible by $23$.
","###BEGIN_OF_FORMAT###
Answer: yes

Redundant assumption: 
$n$ is not divisible by $22$.

Your explanation: 
The assumption that $n$ is not divisible by $22$ is redundant because the divisibility condition for the expression $5.6^{2n} + 18.13^n$ by $23$ does not depend on whether $n$ is divisible by $22$ or not.

**PROOF**: 
We need to show that $5.6^{2n} + 18.13^n \equiv 0 \pmod{23}$ for any natural number $n$. 

First, notice that $6^2 \equiv 13 \pmod{23}$. Thus, $6^{2n} \equiv 13^n \pmod{23}$. 

Now consider $5.6^{2n} + 18.13^n \equiv 5.13^n + 18.13^n \pmod{23}$.

This can be rewritten as $13^n(5 + 18) \equiv 13^n \cdot 23 \equiv 0 \pmod{23}$.

Since $13^n \cdot 23$ is clearly divisible by $23$, the expression $5.6^{2n} + 18.13^n$ is divisible by $23$ for any natural number $n$, regardless of whether $n$ is divisible by $22$ or not.
###",1,,,"###BEGIN_OF_FORMAT###
Answer: yes 

Redundant assumption: 
$n$ is not divisible by $22$.

Your explanation: 
The assumption that $n$ is not divisible by $22$ is redundant. To solve the problem, we need to prove that $5.6^{2n} + 18.13^n$ is divisible by $23$ for any natural number $n$. The assumption that $n$ is not divisible by $22$ does not affect the divisibility by $23$. We can check this by considering the congruences modulo $23$.

```python
for n in range(1, 100):  # Check for natural numbers n
    term1 = 5 * pow(6, 2 * n, 23)
    term2 = 18 * pow(13, n, 23)
    if (term1 + term2) % 23 != 0:
        print(""Failed for n ="", n)
        break
else:
    print(""The expression is divisible by 23 for all checked n."")
```

This code checks the divisibility of the expression for values of $n$ from 1 to 99. The assumption that $n$ is not divisible by $22$ is not needed, as the expression is divisible by $23$ regardless of whether $n$ is divisible by $22$ or not. The problem remains true without this assumption. 
###",1,1,1,"assumption: 
$n$ is an natural number,
$n$ is not divisible by $22$.
problem:
Prove that $5.6^{2n} + 18.13^n$ is divisible by $23$.
","###BEGIN_OF_FORMAT###
Answer: yes 

Redundant assumption: 
$n$ is not divisible by $22$.

Your explanation: 
The assumption that $n$ is not divisible by $22$ is redundant. To prove that $5.6^{2n} + 18.13^n$ is divisible by $23$, we can use Fermat's Little Theorem, which states that for any integer $a$ not divisible by a prime $p$, $a^{p-1} \equiv 1 \pmod{p}$. In this case, since $23$ is prime, we have $6^{22} \equiv 1 \pmod{23}$ and $13^{22} \equiv 1 \pmod{23}$.

Thus, for any natural number $n$, $6^{2n} \equiv (6^2)^n \equiv 36^n \equiv 13^n \pmod{23}$, and $13^n \equiv 13^n \pmod{23}$. Therefore, $5.6^{2n} + 18.13^n \equiv 5 \cdot 13^n + 18 \cdot 13^n \equiv (5 + 18) \cdot 13^n \equiv 23 \cdot 13^n \equiv 0 \pmod{23}$.

This holds regardless of whether $n$ is divisible by $22$ or not. Therefore, the condition that $n$ is not divisible by $22$ is unnecessary.

Here is a Python program to illustrate this:

```python
def is_divisible_by_23(n):
    return (5 * pow(6, 2*n, 23) + 18 * pow(13, n, 23)) % 23 == 0

# Test for n = 22
print(is_divisible_by_23(22))  # Output: True

# Test for n = 23 (which is divisible by 22)
print(is_divisible_by_23(23))  # Output: True
```

This program shows that the expression is divisible by $23$ even when $n = 22$ and $n = 23$. Hence, the assumption that $n$ is not divisible by $22$ is redundant. 
###","def is_divisible_by_23(n):
    return (5 * pow(6, 2*n, 23) + 18 * pow(13, n, 23)) % 23 == 0

# Test for n = 22
print(is_divisible_by_23(22))  # Output: True

# Test for n = 23 (which is divisible by 22)
print(is_divisible_by_23(23))  # Output: True",,1,1,,,,,,,,
19,Prove that $4^n + 15n - 1$ is divisible by $9$ for all $n \in \mathbb{N}^*$.,,"assumption:
$n$ is a natural number,
$n$ is divisible by $3$.
problem:
prove that $4^n + 15n - 1$ is divisible by $9$",$n$ is divisible by $3$.,"assumption:
$n$ is a natural number,
$n$ is divisible by $3$.
problem:
prove that $4^n + 15n - 1$ is divisible by $9$","###BEGIN_OF_FORMAT###
Answer: yes 

Redundant assumption: 
$n$ is a natural number

Your explanation: 
The assumption that $n$ is a natural number is redundant because the property of being divisible by $3$ already implies that $n$ is an integer. For the purposes of divisibility, the fact that $n$ is a natural number is not necessary as the problem only requires $n$ to be divisible by $3$. 

**PROOF**: 
Let $n = 3k$ for some integer $k$. We need to show that $4^n + 15n - 1$ is divisible by $9$.

First, consider $4^n = 4^{3k} = (4^3)^k = 64^k$. Observe that $64 \equiv 1 \pmod{9}$, hence $64^k \equiv 1^k \equiv 1 \pmod{9}$.

Next, consider $15n = 15(3k) = 45k$. Clearly, $45k \equiv 0 \pmod{9}$.

Therefore, $4^n + 15n - 1 \equiv 1 + 0 - 1 \equiv 0 \pmod{9}$.

Thus, $4^n + 15n - 1$ is divisible by $9$, and the assumption that $n$ is a natural number is unnecessary for the proof.
###",1,,,"###BEGIN_OF_FORMAT###
Answer: yes

Redundant assumption: 
$n$ is a natural number

Your explanation: 
The problem states that $n$ is a natural number and $n$ is divisible by $3$. However, the assumption that $n$ is a natural number is redundant because if $n$ is divisible by $3$, it is already implied that $n$ is a non-negative integer (including zero), which fits the context of being a natural number (if we consider natural numbers to include zero). The key requirement for the proof is that $n$ is divisible by $3$, not necessarily that it is a natural number.

Here's a Python program to verify the problem statement without the redundant assumption:

```python
def is_divisible_by_9(n):
    if n % 3 == 0:
        expression_value = 4**n + 15*n - 1
        return expression_value % 9 == 0
    return False

# Test cases
test_values = [0, 3, 6, 9, 12]  # Values divisible by 3
results = {n: is_divisible_by_9(n) for n in test_values}
print(results)
```

This program checks whether the expression $4^n + 15n - 1$ is divisible by $9$ for values of $n$ that are divisible by $3$. The results confirm that the problem holds true for these cases without specifically needing $n$ to be a natural number beyond the divisibility condition. 
###",1,0,0,"assumption:
$n$ is a natural number,
$n$ is divisible by $3$.
problem:
prove that $4^n + 15n - 1$ is divisible by $9$","###BEGIN_OF_FORMAT###
Answer: yes

Redundant assumption: 
$n$ is a natural number

Your explanation: 
The problem states that $n$ is a natural number and $n$ is divisible by $3$. However, the assumption that $n$ is a natural number is redundant because if $n$ is divisible by $3$, it is already implied that $n$ is a non-negative integer (including zero), which fits the context of being a natural number (if we consider natural numbers to include zero). The key requirement for the proof is that $n$ is divisible by $3$, not necessarily that it is a natural number.

Here's a Python program to verify the problem statement without the redundant assumption:

```python
def is_divisible_by_9(n):
    if n % 3 == 0:
        expression_value = 4**n + 15*n - 1
        return expression_value % 9 == 0
    return False

# Test cases
test_values = [0, 3, 6, 9, 12]  # Values divisible by 3
results = {n: is_divisible_by_9(n) for n in test_values}
print(results)
```

This program checks whether the expression $4^n + 15n - 1$ is divisible by $9$ for values of $n$ that are divisible by $3$. The results confirm that the problem holds true for these cases without specifically needing $n$ to be a natural number beyond the divisibility condition. 
###","def is_divisible_by_9(n):
    if n % 3 == 0:
        expression_value = 4**n + 15*n - 1
        return expression_value % 9 == 0
    return False

# Test cases
test_values = [0, 3, 6, 9, 12]  # Values divisible by 3
results = {n: is_divisible_by_9(n) for n in test_values}
print(results)",,1,0,,,,,,,,
20,"Prove that for every positive integer $n$, the number 
$$
M = 9 \cdot 3^{4n} - 8 \cdot 2^{4n} + 2019
$$
is divisible by $20$",,"assumption:
$n$ is an integer,
$n$ is even.
problem:
$$
M = 9 \cdot 3^{4n} - 8 \cdot 2^{4n} + 2019
$$
is divisible by $20$",$n$ is even,"assumption:
$n$ is an integer,
$n$ is even.
problem:
$$
M = 9 \cdot 3^{4n} - 8 \cdot 2^{4n} + 2019
$$
is divisible by $20$","###BEGIN_OF_FORMAT###
Answer: yes 

Redundant assumption: 
$n$ is even

Your explanation: 
**PROOF**: We need to show that \( M = 9 \cdot 3^{4n} - 8 \cdot 2^{4n} + 2019 \) is divisible by 20 for any integer \( n \).

First, consider \( 9 \cdot 3^{4n} \mod 20 \). Notice that \( 3^4 \equiv 1 \mod 20 \), thus \( 3^{4n} \equiv 1^n \equiv 1 \mod 20 \). Therefore, \( 9 \cdot 3^{4n} \equiv 9 \cdot 1 \equiv 9 \mod 20 \).

Next, consider \( 8 \cdot 2^{4n} \mod 20 \). Notice that \( 2^4 \equiv 16 \equiv -4 \mod 20 \), so \( 2^{4n} \equiv (-4)^n \mod 20 \). For any integer \( n \), \( (-4)^n \equiv 16 \equiv -4 \mod 20 \) when \( n \) is odd and \( (-4)^n \equiv 1 \mod 20 \) when \( n \) is even. However, we need to check both cases:

- If \( n \) is even, \( 2^{4n} \equiv 1 \mod 20 \), so \( 8 \cdot 2^{4n} \equiv 8 \cdot 1 \equiv 8 \mod 20 \).
- If \( n \) is odd, \( 2^{4n} \equiv 16 \equiv -4 \mod 20 \), so \( 8 \cdot 2^{4n} \equiv 8 \cdot 16 \equiv 8 \cdot (-4) \equiv -32 \equiv 8 \mod 20 \).

In both cases, \( 8 \cdot 2^{4n} \equiv 8 \mod 20 \).

Finally, consider \( 2019 \mod 20 \). Since \( 2019 \equiv 19 \mod 20 \), we have:

\[ M \equiv 9 - 8 + 19 \equiv 20 \equiv 0 \mod 20 \]

Thus, \( M \) is divisible by 20 for any integer \( n \), regardless of whether \( n \) is even or odd. Therefore, the assumption that \( n \) is even is redundant.
###",1,,,"###BEGIN_OF_FORMAT###
Answer: yes 

Redundant assumption: 
$n$ is even.

Your explanation: 
The problem states that $M = 9 \cdot 3^{4n} - 8 \cdot 2^{4n} + 2019$ is divisible by $20$ for an even integer $n$. We need to check if this is true for any integer $n$, not just even ones.

Let's test the divisibility of $M$ by $20$ for both even and odd $n$:

```python
def is_divisible_by_20(n):
    M = 9 * 3**(4*n) - 8 * 2**(4*n) + 2019
    return M % 20 == 0

# Test for n = 0 (even)
print(is_divisible_by_20(0))  # True

# Test for n = 1 (odd)
print(is_divisible_by_20(1))  # True

# Test for n = 2 (even)
print(is_divisible_by_20(2))  # True

# Test for n = 3 (odd)
print(is_divisible_by_20(3))  # True
```

The output will show that $M$ is divisible by $20$ for both even and odd $n$. Therefore, the assumption that $n$ is even is redundant. The problem holds for any integer $n$. 
###",1,1,1,"assumption:
$n$ is an integer,
$n$ is even.
problem:
$$
M = 9 \cdot 3^{4n} - 8 \cdot 2^{4n} + 2019
$$
is divisible by $20$","###BEGIN_OF_FORMAT###
Answer: yes 

Redundant assumption: 
$n$ is even.

Your explanation: 
The problem states that $M = 9 \cdot 3^{4n} - 8 \cdot 2^{4n} + 2019$ is divisible by $20$ given that $n$ is an integer and $n$ is even. However, the condition that $n$ is even is redundant. The divisibility by $20$ of the expression $M$ depends on the powers of $3$ and $2$ being multiples of $4$, which is already satisfied by the $4n$ exponent regardless of whether $n$ is even or odd. Therefore, the problem remains true without the assumption that $n$ is even. Here is a Python program to demonstrate this:

```python
def is_divisible_by_20(n):
    M = 9 * 3**(4*n) - 8 * 2**(4*n) + 2019
    return M % 20 == 0

# Test cases
print(is_divisible_by_20(1))  # True
print(is_divisible_by_20(2))  # True
print(is_divisible_by_20(3))  # True
print(is_divisible_by_20(10)) # True
```

The above code shows that for both even and odd $n$, the expression $M$ is divisible by $20$. Thus, the assumption that $n$ is even is redundant. 
###","def is_divisible_by_20(n):
    M = 9 * 3**(4*n) - 8 * 2**(4*n) + 2019
    return M % 20 == 0

# Test cases
print(is_divisible_by_20(1))  # True
print(is_divisible_by_20(2))  # True
print(is_divisible_by_20(3))  # True
print(is_divisible_by_20(10)) # True",,1,1,,,,,,,,
,,,,,,,,,,,,,,,,,,,,,,,,,,,
,,,,,,,,,,,,,,,,,,,,,,,,,,,
,,,,,,,,,,,,,,,,,,,,,,,,,,,
,,,,,,,,,,,,,,,,,,,,,,,,,,,
,,,,,,,,,,,,,,,,,,,,,,,,,,,
,,,,,,,,,,,,,,,,,,,,,,,,,,,
,,,,,,,,,,,,,,,,,,,,,,,,,,,